HALT?,"ID
combo",use base,use ID,ABC,Question,Igno,Results,fFILT Q,Tags,fFILT TAGS,"S2&3
Comments
Why halted,
or Waiting...","S2-doc
link","2.2 Basics
check",Who Factchecks,"2.3 Two or Three
Experts",REPHRASE,RE-POLL,s4a Survey candidate,s4b Surveyed,s5 Included in study,s6 has DRAFT relevance,has s6 box,s6 box ready for review,"S6
comment
(Changes needed)",Question ,Correct Answer,Answer options,Very Wrong Answer,Ignorance,Igno % with comments,Source,Correct tested answer,Question order in GS,GS Survey ID(s),who,"Diff ""Average result"" and current Expect Igno","""Summary"" copied as text 2020-01-21 before removing Results_formula_perf","""Average result"" copied as text 2020-01-21 before removing Results_formula_perf","""type"" copied as text 2020-01-21 before removing Results_formula_perf","""A
B
C"" copied as text 2020-01-21 before removing Results_formula_perf",gs_combined - Question,"gs_combined - Expect
igno",,gs_combined - Expected Very Wrong,gs_combined - Summary,"gs_combined - A
B
C",Use copy of old results rather than any from gs combined,EXPECT % VERY WRONG
HALT,#REF!,#REF!,#REF!,,"In low-income countries, how many people with jobs live in extreme poverty?",,Not found in gs_combined,"In low-income countries, how many people with jobs live in extreme poverty?",#REF!,#REF!,"HALTED BECAUSE OF LACK OF TRUST IN THE DATA IN THE OVERLAP OF “HAVING A JOB” AND “EXTREME POVERTY”.

In low income countries, how many people with jobs live in extreme poverty with less than $2/day?
Roughly 40%
Roughly 65%
Roughly 90%",https://docs.google.com/document/d/1MaeKC5VOwy1JG7B8oS4KOVzGqkZC4C7JUs1qCyrFVA0/edit#,x,x,x,x,,,,,A,x,x,"sub_priodown
sub5","In low-income countries, how many people with jobs live in extreme poverty?",40%,"40%, 60%, 80%",,Yes,22% in GS UK,"https://ilo.org/wcmsp5/groups/public/---dgreports/---stat/documents/publication/wcms_696387.pdf
p. 4",,,,,0.00%,,,abc,3,#NAME?,#NAME?,#NAME?,#NAME?,#NAME?,#NAME?,,
HALT,#REF!,#REF!,#REF!,,"If economic trends continue in the three African countries with most people in extreme poverty, what will happen to the number of extremely poor in the next 10 years?",,Not found in gs_combined,"If economic trends continue in the three African countries with most people in extreme poverty, what will happen to the number of extremely poor in the next 10 years?",#REF!,#REF!,"Covid19 changes this
And future is UNKNOWN!!!",,,,,x,,,,,,,,,"If economic trends continue in the three African countries with most people in extreme poverty, what will happen to the number of extremely poor in the next 10 years?",Stay about the same,"Stay about the same, Increase by 30 million, Increase by 300 million",Increase by 300 million,Yes,18% in GS UK,"Page 31
https://openknowledge.worldbank.org/bitstream/handle/10986/30418/9781464813306.pdf",,,,,#N/A,#N/A,#N/A,#N/A,#N/A,#NAME?,#NAME?,#NAME?,#NAME?,#NAME?,#NAME?,,
HALT,#REF!,#REF!,#REF!,,"What share of the world's population has access to food, shelter, water, vaccination, education and mobile phones?",,Not found in gs_combined,"What share of the world's population has access to food, shelter, water, vaccination, education and mobile phones?",#REF!,#REF!,"K: We have halted this question because it is hard to say that it is the same people who don't have access to these things. We would need to re-think the correct answer to be able to stand behind this.
A: No, think this is hard to answer. Hard to get an overview. 
O: We can try rephrase this somehow,... but education can not be part of it.
then you need to specify what educaiotn is. 
MAYBE:
""What share of all people in the world has access to the most basic forms of
food, shelter, water, vaccination, education and mobile phones?""",https://docs.google.com/document/d/1vgcmGR25bGSz-aRqkJVzmGQKIo8vgPqPCe0l8pspsT0/edit,x,KM,,x,,,,,,,,,"What share of the world's population has access to food, shelter, water, vaccination, education and mobile phones?",75%,"25%, 50%, 75%",,Yes,21% in GS UK,,,,,,#N/A,#N/A,#N/A,#N/A,#N/A,#NAME?,#NAME?,#NAME?,#NAME?,#NAME?,#NAME?,,
HALT,#REF!,#REF!,#REF!,,354 million people in Asia live with food insecurity. How many people in Africa have food insecurity?,,Not found in gs_combined,354 million people in Asia live with food insecurity. How many people in Africa have food insecurity?,#REF!,#REF!,"Experts don't trust FAO hunger data
and they have good reasons...
""have food insecutiry"" is not good phrasing. Experts have serious  issues with the measure itself and the use of numbers rather than percentages",https://docs.google.com/document/d/1RsSAGgjSoqeEQvhjyOlWypLHFkZRjKK5GbEeybXftcM/edit,x,GM,x,x,,,,,,,,,354 million people in Asia live with food insecurity. How many people in Africa have food insecurity?,277 million,"277 million, 377 million, 477 million",477 million,Yes,19% in GS UK,https://sdg-tracker.org/zero-hunger,,,,,#N/A,#N/A,#N/A,#N/A,#N/A,#NAME?,#NAME?,#NAME?,#NAME?,#NAME?,#NAME?,,
HALT,#REF!,#REF!,#REF!,,What share of the world's population is undernourished?,,Not found in gs_combined,What share of the world's population is undernourished?,#REF!,#REF!,"try variaiton larger span A B C
No. Tricky, needs a lot of checking with experts.",https://docs.google.com/document/d/1fdZH7ma6fJRmcz_lyEKlhl7VpxXCr9U9n4t7cbaSS74/edit,,SP,x,,,,,,,,,,What share of the world's population is undernourished?,11%,"11%, 21%, 31%",,Yes,19% in GS UK,"http://www.fao.org/state-of-food-security-nutrition/en/
Definition: http://www.fao.org/docrep/013/al936e/al936e00.pdf 
https://ourworldindata.org/hunger-and-undernourishment#global-number-of-individuals-undernourished",,,,,-19.30%,"Correct: 11%   --  Resp.   --  11%   --  21%   --  31%
GS
UK   --     --  145   --  19.30%   --  28.10%   --  52.60%",19%,abc,3,#NAME?,#NAME?,#NAME?,#NAME?,#NAME?,#NAME?,,
HALT,#REF!,#REF!,#REF!,,What share of all obese children under 5 in the world lives in Africa?,,Not found in gs_combined,What share of all obese children under 5 in the world lives in Africa?,#REF!,#REF!,"KM - recommend we halt this as the question is misleading, More through explanation in the step 2. ALSO: The report used in the source says 'obesity' is generally not used for under 5s. 'Overweight' is used instead (page 31). Also, the question should say 'live' and not 'lives'",https://docs.google.com/document/d/1yjdyCGLk7_A8YK75nqpuDE-La46xOXrI6DRoM8Q3E9M/edit#heading=h.4g7amaq7xqgq,,KM,,x,,,,,,,,,What share of all obese children under 5 in the world lives in Africa?,25%,"5%, 15%, 25%",,Yes,"13% in GS
1% in N",http://www.fao.org/state-of-food-security-nutrition/en/,,,,,#N/A,"Correct: 25%   --  Resp.   --  5%   --  -   --  -   --  15%   --  -   --  25%   --  -   --  -   --  -   --  -   --  -   --  -   --  -   --  -   --  -
GS   --  3 options   --  112   --  68%   --     --     --  18.90%   --     --  13.10%   --     --     --     --     --     --     --     --     --  
Novus   --     --  92   --  73%   --  10%   --  4%   --  1%   --  1%   --  3%   --  1%   --  1%   --  1%   --  2%   --  1%   --  0%   --  1%   --  0%   --  0%",#N/A,multi,15,#NAME?,#NAME?,#NAME?,#NAME?,#NAME?,#NAME?,,
HALT,#REF!,#REF!,#REF!,,There are countries where almost a third of the population is obese nowadays. In which region do you find most of these countries?,,Not found in gs_combined,There are countries where almost a third of the population is obese nowadays. In which region do you find most of these countries?,#REF!,#REF!,"
Number of countries per regions is not good. 
I think we can turn this into a quesiton with a world map, showing three allternative obesity levels, and on one map, US is hgh but almost everything else is low. ... while the other two maps, hae higher Obersity than US in many countries,... Canada saves US, or what ?
This quesitons has great potential, but looking at the cherry-picking of the data, we should rephrase it to be less misleading. Now it seams like all high obesity is in middle east, while US is a larger populaiton, ... and Oceanea countries are also in there.... ",https://docs.google.com/document/d/1xZTNefNQwVcuGjmMh-o2nINMYQ4yj2OsMq6oKLb_JFM/edit#,x,KM,x,x,,,,,,,,,There are countries where almost a third of the population is obese nowadays. In which region do you find most of these countries?,North Africa & Middle East,"Asia,
North Africa & Middle East,
North & South America",,Yes,"13% in GS, 2% in N",http://www.who.int/gho/ncd/risk_factors/overweight_obesity/obesity_adults/en/,,,,,-4.73%,"Correct: North Africa & Middle East   --  Resp.   --  Asia   --  North Africa & Middle East   --  North & South America
GS   --     --  151   --  12.60%   --  12.90%   --  74.50%
Novus   --     --  110   --  11%   --  2%   --  87%",5%,abc,3,#NAME?,#NAME?,#NAME?,#NAME?,#NAME?,#NAME?,,
HALT,#REF!,#REF!,#REF!,,What happened to the share of undernourished people in the world in the last 10 years?,,Not found in gs_combined,What happened to the share of undernourished people in the world in the last 10 years?,#REF!,#REF!,Trend is very uncertiain,,,,,,,,,,,,,,What happened to the share of undernourished people in the world in the last 10 years?,It decreased,"It decreased,
It remained the same,
It increased",,Medium,"20% in GS, 53% in N",http://www.fao.org/state-of-food-security-nutrition/en/,,,,,-47.21%,"Correct: it decreased   --  Resp.   --  It halved   --  It decreased somewhat   --  It remained the same   --  It increased somewhat   --  It doubled
GS   --  5 options   --  127   --  12.30%   --  20.10%   --  18.20%   --  27%   --  22.40%
Novus   --     --  104   --  26%   --  53%   --  21%   --     --  ",47%,multi,5,#NAME?,#NAME?,#NAME?,#NAME?,#NAME?,#NAME?,,
HALT,#REF!,#REF!,#REF!,,Africa can't feed its entire population yet. This is mainly because of:,,Not found in gs_combined,Africa can't feed its entire population yet. This is mainly because of:,#REF!,#REF!,There's no suhch simple causality,,,,,,,,,,,,,,Africa can't feed its entire population yet. This is mainly because of:,population growth,"Wars and conflict, population growth, corruption",Wars and conflict,Medium,32% in GS UK,https://www.un.org/en/africa/osaa/pdf/pubs/2013africanagricultures.pdf,,,,,0.00%,,,abc,3,#NAME?,#NAME?,#NAME?,#NAME?,#NAME?,#NAME?,,
HALT,#REF!,#REF!,#REF!,,"Of the poorest people who managed to escape extreme poverty only to then fall back, what was the most common reason they became poorer again (before the pandemic)?",,Not found in gs_combined,"Of the poorest people who managed to escape extreme poverty only to then fall back, what was the most common reason they became poorer again (before the pandemic)?",#REF!,#REF!,"KM on why halted: We haven't found the evidence to back this up. It mihgt be true but, as the experts say to us, we can't really prove it. ",https://docs.google.com/document/d/1MDRLtHP6UqdeJ20XEKN0cx6uhVZ_pn9BEepFaQ3HhU8/edit#,,,,,,,,,,,,,"Of the poorest people who managed to escape extreme poverty only to then fall back, what was the most common reason they became poorer again (before the pandemic)?",Health problems,"War and conflicts
Health problems
Climate change",War and conflicts,,,,,,,,0.00%,,,,,#NAME?,#NAME?,#NAME?,#NAME?,#NAME?,#NAME?,,
HALT,#REF!,#REF!,#REF!,,What's the main reason why overweight is more common in richer countries?,,Not found in gs_combined,What's the main reason why overweight is more common in richer countries?,#REF!,#REF!,Helena doesn't think this is correct and I haven't found any sourcces supporting our correct answer either. I think it might work for diabetes and cardiovascular but not overweight/Keith,,,KM,,,,,,,,,,,What's the main reason why overweight is more common in richer countries?,B. They are older on average,"A. They consume more fat,
B. They are older on average,
C. They move and exercise less",,,,,,,,,#N/A,#N/A,#N/A,#N/A,#N/A,#NAME?,#NAME?,#NAME?,#NAME?,#NAME?,#NAME?,,
HALT,#REF!,#REF!,#REF!,,"Where in the world do most women use contraceptive methods (like oral hormonal pills, sterilization, IUD) to avoid pregnancy?",,Not found in gs_combined,"Where in the world do most women use contraceptive methods (like oral hormonal pills, sterilization, IUD) to avoid pregnancy?",#REF!,#REF!,"HALTED due to the correct answer changing in a newer report

A: yes if made simpler. ""Most women"" is a bit hard to understand. More than in other region or just most of the women in this region?
Don't mention explicit methods, instead see what people concider ""modern methods"" and maybe we can just use that term...
Maybe ask people to ay: Which of the following do you concider to be ""modern contraceptive methods""",https://docs.google.com/document/d/1gc25ji7PKB95pyX1kisVKWR_Be17uHBWvUbavVWTeY0/edit#heading=h.j9xjspkcgvod,x,LD,x,x,,,,,,,,sub_3.7 _ay,"Where in the world do most women use contraceptive methods (like oral hormonal pills, sterilization, IUD) to avoid pregnancy?",Latin America,"A. Europe 
B. Latin America 
C. Asia",,Yes,"10% in GS
4% in N",http://www.un.org/en/development/desa/population/publications/pdf/family/WFP2017_Highlights.pdf,,,,,-5.58%,"Correct: Latin America   --  Resp.   --  Europe   --  Latin America   --  Asia
GS   --     --  156   --  76.20%   --  10.30%   --  13.50%
Novus   --     --  117   --  88%   --  4%   --  8%",6%,abc,3,#NAME?,#NAME?,#NAME?,#NAME?,#NAME?,#NAME?,,
HALT,#REF!,#REF!,#REF!,,"In the early 2000's, more than 80% of the world's population received the full dose of the measles, mumps and rubella vaccine. What do you think happened to this percentage in the last 10 years?",,Not found in gs_combined,"In the early 2000's, more than 80% of the world's population received the full dose of the measles, mumps and rubella vaccine. What do you think happened to this percentage in the last 10 years?",#REF!,#REF!,"Too specific question and the ""went up"" is too unprecise!",,,,,,,,,,,,,,"In the early 2000's, more than 80% of the world's population received the full dose of the measles, mumps and rubella vaccine. What do you think happened to this percentage in the last 10 years?",It went up,"It went down
It remained the same
It went up",It went down,Medium,"27% in GS, 27% in N","http://apps.who.int/gho/data/view.main.81100?lang=en

https://ourworldindata.org/vaccination",,,,,-26.70%,"Correct: C   --  Resp.   --  It went down   --  It remained the same   --  It went up 
GS   --     --  151   --  50.90%   --  22.50%   --  26.60%
Novus   --     --  127   --  55%   --  18%   --  27%",27%,abc,3,#NAME?,#NAME?,#NAME?,#NAME?,#NAME?,#NAME?,,
HALT,#REF!,#REF!,#REF!,,"Ten years ago, 80% of the world received at least one dose of the measles, mumps and rubella vaccine. What do you think happened to this percentage in the last 10 years?",,Not found in gs_combined,"Ten years ago, 80% of the world received at least one dose of the measles, mumps and rubella vaccine. What do you think happened to this percentage in the last 10 years?",#REF!,#REF!,This is too precise! And the general trend of vaccinaiton is falling! ,,,,,,,,,,,,,,"Ten years ago, 80% of the world received at least one dose of the measles, mumps and rubella vaccine. What do you think happened to this percentage in the last 10 years?",It went up,"It went down
It remained the same
It went up",It went down,Medium,29% in GS,"http://apps.who.int/gho/data/view.main.81100?lang=en

https://ourworldindata.org/vaccination",,,,,-29.30%,"Correct: it went up   --  Resp.   --  It went down   --  It remained the same   --  It went up
GS   --     --  146   --  53.10%   --  17.60%   --  29.30%
Novus   --     --     --     --     --  ",29%,abc,3,#NAME?,#NAME?,#NAME?,#NAME?,#NAME?,#NAME?,,
HALT,#REF!,#REF!,#REF!,,In which region will you find the largest share of people with cardiovascular disease?,,Not found in gs_combined,In which region will you find the largest share of people with cardiovascular disease?,#REF!,#REF!,Data in paper does not agree with our results here as by share Afrcia has the least of the 3 and if we use the prevalence rate per 10000 people when age adjusted we only have subregional data. Suggest we halt - PL,,,PL,,,,,,,,,,,In which region will you find the largest share of people with cardiovascular disease?,Africa,"Europe
Americas
Africa",,Yes,9% in GS,https://reader.elsevier.com/reader/sd/pii/S0735109717372443?token=0C27478573E9B0269D9BBEFAE3FF3070544A3FB50A859AF7B48F28EA392FC34D98CFAEB1F691E72668EFFBCFD9FCBE9C,,,,,-8.80%,"Correct: Africa   --  Resp.   --  Europe   --  America   --  Africa
GS   --     --  124   --  6.20%   --  85%   --  8.80%",9%,abc,3,#NAME?,#NAME?,#NAME?,#NAME?,#NAME?,#NAME?,,
HALT,#REF!,#REF!,#REF!,,What share of the adult population (15-74 years) in high-income countries are currently on medication against depression?,,Not found in gs_combined,What share of the adult population (15-74 years) in high-income countries are currently on medication against depression?,#REF!,#REF!,No good data on this,https://docs.google.com/document/d/1LGnINcfBQT8UUi5cavR2xTnS2orDzzbIY58yYDXrTUc/edit?pli=1#,x,PL,x,,,,,,,,,,What share of the adult population (15-74 years) in high-income countries are currently on medication against depression?,10% or less,"10% or less, 20%, 30% or more",,Yes,11% in GS UK,,,,,,-11.20%,"Correct: 0-10%   --  Resp.   --  Less than 10%   --  20%   --  More than 30%
GS
UK   --     --  137   --  11.20%   --  36.20%   --  52.50%",11%,abc,3,#NAME?,#NAME?,#NAME?,#NAME?,#NAME?,#NAME?,,
HALT,#REF!,#REF!,#REF!,,"Where in the world do women benefit most from education, in terms of getting higher wages?",,Not found in gs_combined,"Where in the world do women benefit most from education, in terms of getting higher wages?",#REF!,#REF!,hm academic,,,,,,,,,,,,,,"Where in the world do women benefit most from education, in terms of getting higher wages?",Sub-Saharan Africa,"Sub-Saharan Africa, Europe, Asia",,Yes,19% in GS UK,"http://www.worldbank.org/en/publication/wdr2018#
p. 39",,,,,-19.40%,"Correct: Sub-Saharan Africa   --  Resp.   --  Sub-Saharan Africa   --  Europe   --  Asia
GS
UK   --     --  121   --  19.40%   --  53.70%   --  26.90%",19%,abc,3,#NAME?,#NAME?,#NAME?,#NAME?,#NAME?,#NAME?,,
HALT,#REF!,#REF!,#REF!,,"In South Korea and Japan, the public sector cost less tax money compared to other rich countries. What's the main reason?",,Not found in gs_combined,"In South Korea and Japan, the public sector cost less tax money compared to other rich countries. What's the main reason?",#REF!,#REF!,Evidence doesn't support the answer now. See step 2,https://docs.google.com/document/d/1MQReSeHehEFcpZriniNEL3k5dHx4OeQBlCkWRZa04NI/edit,,,,,,,,,,,,,"In South Korea and Japan, the public sector cost less tax money compared to other rich countries. What's the main reason?",Most care work is unpaid,"Lower administration costs
Most care work is unpaid
Lots of infrastructure is private",,,,OECD,,,,,0.00%,,,,,#NAME?,#NAME?,#NAME?,#NAME?,#NAME?,#NAME?,,
HALT,#REF!,#REF!,#REF!,,Where in the world will you find the largest share of women in the labor force?,,Not found in gs_combined,Where in the world will you find the largest share of women in the labor force?,#REF!,#REF!,"HIC is highest, but very similar to LIC",,,,,,,,,,,,,,Where in the world will you find the largest share of women in the labor force?,Low-income countries,"Low-income countries, Middle-income countries, High-income countries",,No,42% in GS,https://data.worldbank.org/indicator/SL.TLF.TOTL.FE.ZS?locations=XD-XM-XN-XT-1W,,,,,-41.90%,"Correct: low-income countries   --  Resp.   --  Low-income countries   --  Middle-income countries   --  High-income countries
GS   --     --  139   --  41.90%   --  35.80%   --  22.30%
Novus   --     --     --     --     --  ",42%,abc,3,#NAME?,#NAME?,#NAME?,#NAME?,#NAME?,#NAME?,,
HALT,#REF!,#REF!,#REF!,,"In 1980, around 20% of the world's population lived in areas where water was scarce. What is that figure today?",,Not found in gs_combined,"In 1980, around 20% of the world's population lived in areas where water was scarce. What is that figure today?",#REF!,#REF!,"How respondents interpret ""Water was scarce"" is very difficult to know, and ignorance is very low",https://docs.google.com/document/d/1OwnT39yskiZTRXbd7og77H37k9_9f7sy0rZ-tKvSZko/edit#heading=h.m2piax7qmxlh,,,,,,,,,,,,,"In 1980, around 20% of the world's population lived in areas where water was scarce. What is that figure today?",30%,"10%
20%
30%",,,,Water Scarcity Clock,,,,,0.00%,,,,,#NAME?,#NAME?,#NAME?,#NAME?,#NAME?,#NAME?,,
HALT,#REF!,#REF!,#REF!,,The number of liters of water it takes to produce one t-shirt is the same amount of drinking water one person needs for how long?,,Not found in gs_combined,The number of liters of water it takes to produce one t-shirt is the same amount of drinking water one person needs for how long?,#REF!,#REF!,The comparison assumes the rain could be used for drinking...,https://docs.google.com/document/d/1QYrukNqvP-dgj2_nydvu1CRj_4ZwA6H-BSg_pxas0AA/edit#heading=h.bhgm3f4li3jg,,,,,,,,,,,,,The number of liters of water it takes to produce one t-shirt is the same amount of drinking water one person needs for how long?,2 and a half years,"Half a year, 1 and a half years, 2 and a half years",Half a year,,,,,,,,0.00%,,,,,#NAME?,#NAME?,#NAME?,#NAME?,#NAME?,#NAME?,,
HALT,#REF!,#REF!,#REF!,,Which country is the largest exporter of coal in the world today?,,Not found in gs_combined,Which country is the largest exporter of coal in the world today?,#REF!,#REF!,"Data change too often
It is now Indonesia",https://docs.google.com/document/d/1W_nd7gReMj6doVFmkxhQelg8llGZAutBZ1YAxJ6p7Bw/edit#,,PL,,,,,,,,,,,Which country is the largest exporter of coal in the world today?,Australia,"USA, Russia, Australia",,Yes,20% in GS UK,http://atlas.cid.harvard.edu/explore?country=undefined&product=902&year=2017&productClass=HS&target=Product&partner=undefined&startYear=1995,,,,,-19.60%,"Correct: Australia   --  Resp   --  USA   --  Russia   --  Australia
GS UK   --     --  139.00   --  23.10%   --  57.20%   --  19.60%",20%,abc,3,#NAME?,#NAME?,#NAME?,#NAME?,#NAME?,#NAME?,,
HALT,#REF!,#REF!,#REF!,,"Since 2016, the number of people who cook using stoves that don’t produce smoke has remained at around 3 billion people. Why is that?",,Not found in gs_combined,"Since 2016, the number of people who cook using stoves that don’t produce smoke has remained at around 3 billion people. Why is that?",#REF!,#REF!,causality isn't obvious...,,,,,,,,,,,,,,"Since 2016, the number of people who cook using stoves that don’t produce smoke has remained at around 3 billion people. Why is that?",Population growth,"Clean fuels are not as good for cooking, population growth, lack of supply of clean fuels",,Medium,32% in GS UK,"https://www.seforall.org/sites/default/files/2019-05/TrackingSDG7_report-2019.pdf

Pg 41",,,,,#N/A,#N/A,#N/A,#N/A,#N/A,#NAME?,#NAME?,#NAME?,#NAME?,#NAME?,#NAME?,,
HALT,#REF!,#REF!,#REF!,,Electronics and Pharmaceutical companies spend between 10% to 30% of their revenue on research and development. How much do companies in the Energy sector spend?,,Not found in gs_combined,Electronics and Pharmaceutical companies spend between 10% to 30% of their revenue on research and development. How much do companies in the Energy sector spend?,#REF!,#REF!,WRONG IN Q,https://docs.google.com/document/d/1bdWjUpWhqLi0onHXomsHtSenzxpDm8oHK6I4xqr6jhE/edit#,,,,,,,,,,,,,Electronics and Pharmaceutical companies spend between 10% to 30% of their revenue on research and development. How much do companies in the Energy sector spend?,0.3%,"0.3%, 3%, 30%",30%,,,Ola,,,,,#N/A,#N/A,#N/A,#N/A,#N/A,#NAME?,#NAME?,#NAME?,#NAME?,#NAME?,#NAME?,,
HALT,#REF!,#REF!,#REF!,,"There are 720 hours per month. In low income countries, the total hours of power outages every month is roughly...",,Not found in gs_combined,"There are 720 hours per month. In low income countries, the total hours of power outages every month is roughly...",#REF!,#REF!,Halted due to unrelibility of data,https://docs.google.com/document/d/1uz2LI23fKN28AEmSx7xu0iW1qiSXtaeI_VB4X2jXHsQ/edit,x,KM,x,,,,,,,,,,"There are 720 hours per month. In low income countries, the total hours of power outages every month is roughly...",50 hours,"50 hours, 150 hours, 250 hours",,,,,,,,,0.00%,,,,,#NAME?,#NAME?,#NAME?,#NAME?,#NAME?,#NAME?,,
HALT,#REF!,#REF!,#REF!,,What is the unemployment rate in Africa?,,Not found in gs_combined,What is the unemployment rate in Africa?,#REF!,#REF!,,,,,,,,,,,,,,,What is the unemployment rate in Africa?,7%,"7%, 37%, 67%",,Yes,6% in GS UK,https://www.uneca.org/sites/default/files/PublicationFiles/era2019_eng_fin.pdf,,,,,-14.47%,"Correct: 7%   --  Resp.   --  0-10%   --  10-20%   --  20-30%   --  30-40%   --  40-50%   --  50-60%   --  60-70%
GS
UK   --     --  154   --  6.20%   --  8.30%   --  16%   --  12%   --  16.20%   --  16.90%   --  24.50%",14%,multi,7,#NAME?,#NAME?,#NAME?,#NAME?,#NAME?,#NAME?,,
HALT,#REF!,#REF!,#REF!,,The size of the economy of Sub-Saharan Africa is about the same as the size of the economy as:,,Not found in gs_combined,The size of the economy of Sub-Saharan Africa is about the same as the size of the economy as:,#REF!,#REF!,HALTED BY OLA IN JUNE 2023,https://docs.google.com/document/d/1oyIigcZGN2jcykO1hE_qipnnyMFk75wXBgH_da2qm0w/edit#,x,LD,x,,,,,,,x,x,,The size of the economy of Sub-Saharan Africa is about the same as the size of the economy as:,Germany,"United Kingdom, Switzerland, Germany",,Yes,23% in GS UK,https://data.worldbank.org/indicator/NY.GDP.MKTP.PP.CD?locations=ZG-CN-US-IN-EU-DE-GB-CA-CH-SE,,,,,-23.10%,"Correct: Germany   --  Resp   --  United Kingdom   --  Switzerland   --  Germany
GS UK   --     --  187   --  24.90%   --  52%   --  23.10%",23%,abc,3,#NAME?,#NAME?,#NAME?,#NAME?,#NAME?,#NAME?,,
HALT,#REF!,#REF!,#REF!,,"Globally, exported goods make up 24% of the total world economy. What is that number in Africa?",,Not found in gs_combined,"Globally, exported goods make up 24% of the total world economy. What is that number in Africa?",#REF!,#REF!,"- Numbers have changed after 2014 and there is quite a bit of uncertainty around the data. Halt.
rephrase: ""world"" and ""in""
""Globally, exported goods make up 24% of the total economy. What is that number for Africa?""",https://docs.google.com/document/d/1_BgjgTisAy5Je_KjOikDWSLtVM8hqaCQhVQxEeYIHLk/edit#,x,ES,x,x,,,,,,,,,"Globally, exported goods make up 24% of the total world economy. What is that number in Africa?",24%,"4%, 14%, 24%",,Yes,22% in GS UK,https://ourworldindata.org/trade-and-globalization,,,,,-22.20%,"Correct: 24%   --  Resp   --  4%   --  14%   --  24%
GS UK   --     --  143   --  50%   --  27.80%   --  22.20%",22%,abc,3,#NAME?,#NAME?,#NAME?,#NAME?,#NAME?,#NAME?,,
HALT,#REF!,#REF!,#REF!,,How many people in the world have jobs but are still considered to be poor (working poor)?,,Not found in gs_combined,How many people in the world have jobs but are still considered to be poor (working poor)?,#REF!,#REF!,"""Cpncidered"" working poor sounds liek an academic construct. Skip quesiton",https://docs.google.com/document/d/1a0WYKfDwisr8oeRRYtfRXSqISdptuQ1jkbBdUl6wiIk/edit#heading=h.cnmim2piwsvff,,LD,,x,,,,,,,,,How many people in the world have jobs but are still considered to be poor (working poor)?,39%,"39%, 59%, 79%",,Yes,23% in GS UK,"https://drive.google.com/file/d/1FtDEmyp4fjKS-Lc-ZFiLAyyQzO5q3-q_/view?usp=sharing
p. 13
https://www.afdb.org/fileadmin/uploads/afdb/Documents/Publications/2019AEO/AEO_2019-EN-CHAP2.pdf
p. 46",,,,,-23.10%,"Correct: 39%   --  Resp.   --  39%   --  59%   --  79%
GS USA   --     --  164   --  23.10%   --  37.80%   --  39.10%",23%,abc,3,#NAME?,#NAME?,#NAME?,#NAME?,#NAME?,#NAME?,,
HALT,#REF!,#REF!,#REF!,,"Worldwide, how many people with jobs live in extreme poverty?",,Not found in gs_combined,"Worldwide, how many people with jobs live in extreme poverty?",#REF!,#REF!,"rephrase:
Of all people in the who have a job, how many earn less than $2 per day?
Around 10%
Around 40% 
Around 70%

Correct answer is now actually 7% so tweak options. No need for restest",https://docs.google.com/document/d/1a0WYKfDwisr8oeRRYtfRXSqISdptuQ1jkbBdUl6wiIk/edit#heading=h.cnmim2piwsvf,x,LD,x,x,,,,,,,,"x
sub_8.5 alternative ","Worldwide, how many people with jobs live in extreme poverty?",8%,"8%, 38%, 68%",,,,https://ilo.org/wcmsp5/groups/public/---dgreports/---stat/documents/publication/wcms_696387.pdf,,,,,0.00%,,,abc,3,#NAME?,#NAME?,#NAME?,#NAME?,#NAME?,#NAME?,,
HALT,#REF!,#REF!,#REF!,,"Worldwide, what is the unemployment rate among people aged 15 to 24 years?",,Not found in gs_combined,"Worldwide, what is the unemployment rate among people aged 15 to 24 years?",#REF!,#REF!,"Do a quick estimate of understanding of unemployment rate.
If people are not aware it excludes ""house wifes"" etc, (not job-seeking people) ,...
I don't like asking about it in this way.
We could rephrase, ""What share of the adult populaiotn of the world who want a job, couldn't find one?"" ",,,,,x,,,,,,,,topic_unemployment,"Worldwide, what is the unemployment rate among people aged 15 to 24 years?",12%,"12%, 22%, 32%",,Yes,17% in GS UK,"https://unstats.un.org/sdgs/report/2019/
p. 39",,,,,-16.80%,"Correct: 12%   --  Resp   --  12%   --  22%   --  32%
GS UK   --     --  122.00   --  16.80%   --  43.70%   --  39.50%",17%,abc,3,#NAME?,#NAME?,#NAME?,#NAME?,#NAME?,#NAME?,,
HALT,#REF!,#REF!,#REF!,,"Worldwide, what is the unemployment rate among people aged 25 years and older?",,Not found in gs_combined,"Worldwide, what is the unemployment rate among people aged 25 years and older?",#REF!,#REF!,"Same as above : see 1454,
peple are categorically wrong about what unemployment rate means",,,,,x,,,,,,,,,"Worldwide, what is the unemployment rate among people aged 25 years and older?",0-10%,"0-10%, 10-20%, 20-30%, 30-40%, 40-50%, 50-60%, 60-70%",,Yes,7% in GS UK,"https://unstats.un.org/sdgs/report/2019/
p. 39",,,,,-17.27%,"Correct: 4%   --  Resp   --  0-10%   --  10-20%   --  20-30%   --  30-40%   --  40-50%   --  50-60%   --  60-70%
GS UK   --     --  114.00   --  7.40%   --  20.20%   --  34.20%   --  17.20%   --  9.70%   --  2.80%   --  8.60%",17%,multi,7,#NAME?,#NAME?,#NAME?,#NAME?,#NAME?,#NAME?,,
HALT,#REF!,#REF!,#REF!,,What is the average unemployment rate in low-income countries?,,Not found in gs_combined,What is the average unemployment rate in low-income countries?,#REF!,#REF!,"lets ask ""average official unemployment rate"" 
I don't trust data /Ola",,,,,x,x,,,,,,,,What is the average unemployment rate in low-income countries?,4%,"4%, 34%, 64%",,Yes,14% in GS UK,"https://www.ilo.org/wcmsp5/groups/public/---dgreports/---dcomm/---publ/documents/publication/wcms_670542.pdf
p. 19",,,,,-14.10%,"Correct: 4%   --  Resp   --  4%   --  34%   --  64%
GS UK   --     --  129.00   --  14.10%   --  39.10%   --  46.70%",14%,abc,3,#NAME?,#NAME?,#NAME?,#NAME?,#NAME?,#NAME?,,
HALT,#REF!,#REF!,#REF!,,"Since 2010, what has happened to the number of ATMs per person worldwide?",,Not found in gs_combined,"Since 2010, what has happened to the number of ATMs per person worldwide?",#REF!,#REF!,,!,,,,,,,,,,,,sub_8.10,"Since 2010, what has happened to the number of ATMs per person worldwide?",Increased by 50%,"Stayed the same, Increased by 25%, Increased by 50%",,Yes,19% in GS UK,https://sustainabledevelopment.un.org/sdg8,,,,,#N/A,#N/A,#N/A,#N/A,#N/A,#NAME?,#NAME?,#NAME?,#NAME?,#NAME?,#NAME?,,
HALT,#REF!,#REF!,#REF!,,What has grown the fastest since the year 2000?,,Not found in gs_combined,What has grown the fastest since the year 2000?,#REF!,#REF!,Incomparable units,,,,,,,,,,,,,,What has grown the fastest since the year 2000?,Material footprint,"World population, World economy, Material footprint",,No,41% in GS UK,https://unstats.un.org/sdgs/report/2019/goal-12/,,,,,#N/A,#N/A,#N/A,#N/A,#N/A,#NAME?,#NAME?,#NAME?,#NAME?,#NAME?,#NAME?,,
HALT,#REF!,#REF!,#REF!,,"In high-income countries, the share of people working when they are 65 and older has increased slightly. What happened to this share in low-income countries?",,Not found in gs_combined,"In high-income countries, the share of people working when they are 65 and older has increased slightly. What happened to this share in low-income countries?",#REF!,#REF!,"I don't trust ILO data for Low income countries, in these narrow anges
Please rephrase ""slightly"" with a more precise , and the alternatives should also be more precise",,,,,,,,,,,,,,"In high-income countries, the share of people working when they are 65 and older has increased slightly. What happened to this share in low-income countries?",It decreased,"It decreased
It didn't change
It also increased",,Yes,18% in GS,"http://www.un.org/en/development/desa/population/publications/pdf/popfacts/PopFacts_2017-1.pdf

http://ilo.org/wcmsp5/groups/public/---dgreports/---stat/documents/publication/wcms_629567.pdf",,,,,-17.60%,"Correct: it decreased   --  Resp.   --  It decreased   --  It didn't change   --  It also increased
GS   --     --  160   --  17.60%   --  46%   --  36.40%
Novus   --     --  121   --     --     --  ",18%,abc,3,#NAME?,#NAME?,#NAME?,#NAME?,#NAME?,#NAME?,,
HALT,#REF!,#REF!,#REF!,,What is the global unemployment rate?,,Not found in gs_combined,What is the global unemployment rate?,#REF!,#REF!,"We asked 610.3 and 85% of people don'nt know how UNemployment rate is measured.
""Correct: A& B are both correct
ALT:     A. Looking for a job but can't find one - B. Who are not employed - C. Who are on social welfare - A& B are both correct - A & B & C are all correct
RES:    15.4% - 32.9% - 3.7% - 18.4% - 29.5%""",,,,,,,,,,,,,topic_unemployment,What is the global unemployment rate?,5%,"5%, 15%, 30%",,Yes,"9% in GS
12% in GS UK",https://www.ilo.org/wcmsp5/groups/public/---dgreports/---dcomm/---publ/documents/publication/wcms_615594.pdf,,,,,-9.43%,"Correct: 5%   --  Resp.   --  5%   --  15%   --  30%
GS   --     --  113   --  8.70%   --  44.40%   --  46.90%
GS
UK   --     --  138   --  11.60%   --  41.80%   --  46.70%",9%,abc,3,#NAME?,#NAME?,#NAME?,#NAME?,#NAME?,#NAME?,,
HALT,#REF!,#REF!,#REF!,,How can the world best be divided?,,Not found in gs_combined,How can the world best be divided?,#REF!,#REF!,Interesting byut SUPER STRANGE! ,REF,REF,,REF,,,,,,,,,,How can the world best be divided?,In 4: low; lower middle; upper middle; high income,"In 2: poor and rich,
In 3: low; middle; high,
In 4: low; lower middle; upper middle; high income",,No,52% in GS,World Bank income levels,,,,,-52.30%,"Correct: low, lower middle, upper middle, high   --  Resp.   --  In 2: poor and rich   --  In 3: low, middle, high income   --  In 4: low, lower middle, upper middle, high
GS   --     --  140   --  26.60%   --  21.10%   --  52.30%",52%,abc,3,#NAME?,#NAME?,#NAME?,#NAME?,#NAME?,#NAME?,,
HALT,#REF!,#REF!,#REF!,,What share of the African population can be classified as middle class?,,Not found in gs_combined,What share of the African population can be classified as middle class?,#REF!,#REF!,"Middle class has no universal classificaiton,
so we don't use it.",,,,,,,,,,,,,,What share of the African population can be classified as middle class?,33%,"13%, 23%, 33%",,Yes,11% in GS UK,https://qz.com/africa/1486764/how-big-is-africas-middle-class/,,,,,-11.40%,"Correct: 33%   --  Resp.   --  13%   --  23%   --  33%
GS
UK   --     --  105   --  63.20%   --  25.40%   --  11.40%",11%,abc,3,#NAME?,#NAME?,#NAME?,#NAME?,#NAME?,#NAME?,,
HALT,#REF!,#REF!,#REF!,,"Of all jobs worldwide, how many can probably be completely automated within 30 years?",,Not found in gs_combined,"Of all jobs worldwide, how many can probably be completely automated within 30 years?",#REF!,#REF!,Considerable unceratinty with this question among experts. Estimates from different sources are as high as 50%. Needs Ola to RV ?halt,https://docs.google.com/document/d/14oSI8VBVLiwsysEIJHhHdk94c9IFrbH_-PAa4m_cX8s/edit?pli=1#,x,PL,x,,,,,,,,,,"Of all jobs worldwide, how many can probably be completely automated within 30 years?",less than 10%,"less than 10%, around 50%, more than 90%",More than 90%,Yes,23% in GS UK,"Book: looking ahead, the sustainable global agenda, p 177",,,,,-8.17%,"Correct: 5%   --  Resp.   --  0-10%   --  10-20%   --  20-30%   --  30-40%   --  40-50%   --  50-60%   --  60-70%
GS
UK   --     --  121   --  3.50%   --  6.20%   --  27.20%   --  17.50%   --  17.60%   --  17.40%   --  10.70%",8%,multi,7,#NAME?,#NAME?,#NAME?,#NAME?,#NAME?,#NAME?,,
HALT,#REF!,#REF!,#REF!,,What do large firms (100 employees or more) find the biggest obstacle to doing business in Africa?,,Not found in gs_combined,What do large firms (100 employees or more) find the biggest obstacle to doing business in Africa?,#REF!,#REF!,"Wrong: the political is equal: 
page 57: "" For large firms
(100 or more workers), the biggest obstacles are
access to electricity (12 percent), political instability (12 percent), and high taxes (11 percent).",,,,,,,,,,,,,,What do large firms (100 employees or more) find the biggest obstacle to doing business in Africa?,Electricity,"Electricity, Political instability, Corruption",,Yes,11% in GS USA,"https://www.afdb.org/fileadmin/uploads/afdb/Documents/Publications/2019AEO/AEO_2019-EN-CHAP2.pdf
p. 58",,,,,0.00%,,,abc,3,#NAME?,#NAME?,#NAME?,#NAME?,#NAME?,#NAME?,,
HALT,#REF!,#REF!,#REF!,,"The industry sector (incl. construction, mining and manufacturing) contributes to 25% of the world’s economy. How much of that comes from manufacturing?",,Not found in gs_combined,"The industry sector (incl. construction, mining and manufacturing) contributes to 25% of the world’s economy. How much of that comes from manufacturing?",#REF!,#REF!,"too complex
The ""of that"" parts sounds like 16% of 28 : something like 4% of the total !",,,,,,,,,,,,,,"The industry sector (incl. construction, mining and manufacturing) contributes to 25% of the world’s economy. How much of that comes from manufacturing?",16%,"16%, 36%, 56%",,Yes,30% in GS UK,"https://data.worldbank.org/indicator/NV.IND.TOTL.ZS?locations=1W-XD-XO&most_recent_value_desc=true
https://data.worldbank.org/indicator/NV.IND.MANF.ZS?locations=1W-XD-XO&most_recent_value_desc=true",,,,,#N/A,#N/A,#N/A,#N/A,#N/A,#NAME?,#NAME?,#NAME?,#NAME?,#NAME?,#NAME?,,
HALT,#REF!,#REF!,#REF!,,"Around 820,000 patent applications are registered yearly in high-income countries. What is the number in low- and middle-income countries?",,Not found in gs_combined,"Around 820,000 patent applications are registered yearly in high-income countries. What is the number in low- and middle-income countries?",#REF!,#REF!,Wait with this: 90% of it is CHINA!,,,,,,,,,,,,,,"Around 820,000 patent applications are registered yearly in high-income countries. What is the number in low- and middle-income countries?",1.5 million,"500000, 1 million, 1.5 million",,Yes,28% in GS UK,https://data.worldbank.org/indicator/IP.PAT.RESD?locations=XD-XO&most_recent_value_desc=true,,,,,#N/A,#N/A,#N/A,#N/A,#N/A,#NAME?,#NAME?,#NAME?,#NAME?,#NAME?,#NAME?,,
HALT,#REF!,#REF!,#REF!,,Around 2.4 million trademark applications (like brand names and logos) are registered yearly in high-income countries. What is the number in low and middle income countries?,,Not found in gs_combined,Around 2.4 million trademark applications (like brand names and logos) are registered yearly in high-income countries. What is the number in low and middle income countries?,#REF!,#REF!,Wait with this: 90% of it is CHINA!,https://docs.google.com/document/d/1VY3FnZ849HtpPkfRaZDGHBPZ6O6kh6pMOAssFl5Vhx8/edit#,x,ES,x,,,,,,,,,,Around 2.4 million trademark applications (like brand names and logos) are registered yearly in high-income countries. What is the number in low and middle income countries?,9 million,"1 million, 4.5 million, 9 million",,Yes,24% in GS UK,https://data.worldbank.org/indicator/IP.TMK.RSCT?locations=XD-XO&most_recent_value_desc=true,,,,,#N/A,#N/A,#N/A,#N/A,#N/A,#NAME?,#NAME?,#NAME?,#NAME?,#NAME?,#NAME?,,
HALT,#REF!,#REF!,#REF!,,What share of all internet users worldwide use a portable computer?,,Not found in gs_combined,What share of all internet users worldwide use a portable computer?,#REF!,#REF!,"Ola: We can't say world based on this: 
And I guess far more peopole use smartphones! Ten kids around one smartphone,... is that 1 or ten users?
There are only 41 countries used in the database. Hence using the word 'worldwide' in the question might be a little tricky. The correct answer here might not accurately describe the situation globally.",https://docs.google.com/document/d/18ak433D8z1MitbKiINtU0KBSG5t29XUv9U_-TxXr2Js/edit#,x,SP,x,,,,,,,,,,What share of all internet users worldwide use a portable computer?,43%,"43%, 63%, 83%",,Yes,20% in GS UK,https://drive.google.com/file/d/1boP7dWiEGFdIMnDJUrSbw_EXJC5mCfrJ/view?usp=sharing,,,,,#N/A,#N/A,#N/A,#N/A,#N/A,#NAME?,#NAME?,#NAME?,#NAME?,#NAME?,#NAME?,,
HALT,#REF!,#REF!,#REF!,,"If you line up all roads in the world, how many times can you go around the world?",,Not found in gs_combined,"If you line up all roads in the world, how many times can you go around the world?",#REF!,#REF!,"unrelatable curiosity 
this is a VERY specific large number question",,,,,,,,,,,,,,"If you line up all roads in the world, how many times can you go around the world?",500 times,"500 times
1000 times
1500 times",,Yes ,12% in GS UK,https://iopscience.iop.org/article/10.1088/1748-9326/aabd42/pdf,,,,,-12.40%,"Correct: 526 times   --  Resp.   --  500 times   --  1000 times   --  1500 times
GS
UK   --     --  103   --  12.40%   --  29.80%   --  57.80%",12%,abc,3,#NAME?,#NAME?,#NAME?,#NAME?,#NAME?,#NAME?,,
HALT,#REF!,#REF!,#REF!,,"In the EU, it takes on average 10 days to start a new business. How many days does it take in Sub-Saharan Africa?",,Not found in gs_combined,"In the EU, it takes on average 10 days to start a new business. How many days does it take in Sub-Saharan Africa?",#REF!,#REF!,,,,,,,,,,,,,,,"In the EU, it takes on average 10 days to start a new business. How many days does it take in Sub-Saharan Africa?",30,"30, 130, 230",,Yes,19% in GS UK,https://ourworldindata.org/grapher/time-required-to-start-business?tab=chart&year=2016&country=Sub-Saharan%20Africa+Least%20developed%20countries%3A%20UN%20classification+European%20Union,,,,,#N/A,"Correct: 27 days   --  Resp   --  30   --  130   --  230
GS UK   --     --  117   --  19.30%   --  31.70%   --  49%",#N/A,abc,3,#NAME?,#NAME?,#NAME?,#NAME?,#NAME?,#NAME?,,
HALT,#REF!,#REF!,#REF!,,What kind of conutries have in general more equal incomes?,,Not found in gs_combined,What kind of conutries have in general more equal incomes?,#REF!,#REF!,"I don't agree: The correlain is super-weak!!!
http://bit.ly/32K6ZSZ",,,,,,,,,,,,,,What kind of conutries have in general more equal incomes?,High-income countries,"Low-income countries, Middel-income countries, High-income countries",Low-income countries,Yes,28% in GS UK,https://ourworldindata.org/income-inequality,,,,,-27.90%,"Correct: high-income countries   --  Resp.   --  Low-income countries   --  Middle-income countries   --  High-income countries
GS
UK   --     --  118   --  29.80%   --  42.30%   --  27.90%",28%,abc,3,#NAME?,#NAME?,#NAME?,#NAME?,#NAME?,#NAME?,,
HALT,#REF!,#REF!,#REF!,,"In 2019, the UN general assembly voted to declare September 18th each year as the international day of what?",,Not found in gs_combined,"In 2019, the UN general assembly voted to declare September 18th each year as the international day of what?",#REF!,#REF!,,,,,,,,,,,,,,,"In 2019, the UN general assembly voted to declare September 18th each year as the international day of what?",Equal pay,"Education, Equal pay, Children",Education,No,37% in GS UK,https://www.equalpayinternationalcoalition.org/whats_new/un-declares-18-september-as-international-equal-pay-day/,,,,,0.00%,#N/A,,#N/A,#N/A,#NAME?,#NAME?,#NAME?,#NAME?,#NAME?,#NAME?,,
HALT,#REF!,#REF!,#REF!,,Did a majority of the world's population get richer or poorer in the last 30 years?,,Not found in gs_combined,Did a majority of the world's population get richer or poorer in the last 30 years?,#REF!,#REF!,"The prbable correct answer couldn't be cofirmed, as no study takes into acount the different pop growths on different incomes. See Step 2",https://docs.google.com/document/d/1oCPKlwVMGe57wAHw4jtM0WnOmUsurbtlW52MGf3utm0/edit#,x,PL,x,,,,,,,,,,Did a majority of the world's population get richer or poorer in the last 30 years?,A majority got richer,"A majority got richer,
About the same share got richer as poorer,
A majority got poorer",,Yes,"19% in GS
60% in N",,,,,,-29.55%,"Correct: richer   --  Resp.   --  A majority got richer   --  About the same share got richer as poorer   --  A majority got poorer
GS   --     --  115   --  19.40%   --  22.70%   --  57.90%
Novus   --     --  94   --  60%   --  13%   --  26%",30%,abc,3,#NAME?,#NAME?,#NAME?,#NAME?,#NAME?,#NAME?,,
HALT,#REF!,#REF!,#REF!,,42% of the EU population who are native born with native background work in a highly skilled white-collar job. What is that share for second-generation immigrants?,,Not found in gs_combined,42% of the EU population who are native born with native background work in a highly skilled white-collar job. What is that share for second-generation immigrants?,#REF!,#REF!,Most of the experts support the data but have reluctancies with the broadness of it,https://docs.google.com/document/d/1YLcK0dTdqQz04trTamzwIkvKTJZSSkZtjJzcBoy-tRM/edit?folder=18LLCtq7eg-7SBYJKL_1CVmfbRCl0aexu#,x,LD,x,,,,,,,,,,42% of the EU population who are native born with native background work in a highly skilled white-collar job. What is that share for second-generation immigrants?,50-60%,"0-10%, 10-20%, 20-30%, 30-40%, 40-50%, 50-60%, 60-70%",,Yes,12% in GS UK,https://ec.europa.eu/eurostat/documents/4031688/9439991/KS-02-188-77-EN-N.pdf/48d2353c-ca16-4237-86c2-b906decab3de,,,,,-27.07%,"Correct: 52%   --  Resp.   --  0-10%   --  10-20%   --  20-30%   --  30-40%   --  40-50%   --  50-60%   --  60-70%
GS
UK   --     --  125   --  12.60%   --  21.50%   --  23.10%   --  16.10%   --  11.20%   --  11.60%   --  3.80%",27%,multi,7,#NAME?,#NAME?,#NAME?,#NAME?,#NAME?,#NAME?,,
HALT,#REF!,#REF!,#REF!,,"Of all people living in cities low and middle income countries, how many say they have a secured land tenure and do not risk to be evicted?",,Not found in gs_combined,"Of all people living in cities low and middle income countries, how many say they have a secured land tenure and do not risk to be evicted?",#REF!,#REF!,Consider halting. See expert comment in step 2,https://docs.google.com/document/d/1ATtBaPI38wnBi_OiQOZtDLHX51ObOVwSuXNPKM28ikA/edit#,x,KM,x,,,,,,,,,,"Of all people living in cities low and middle income countries, how many say they have a secured land tenure and do not risk to be evicted?",More than 50%,"A. Less than 10%
B. Roughly 25%
C. More than 50%",,Yes,6% in GS UK,"page 7
https://www.odi.org/publications/11301-global-perceptions-urban-land-tenure-security-evidence-33-countries",,,,,-6.30%,"Correct: More than 50%   --  Resp   --  Less than 10%   --  Roughly 25%   --  More than 50%
GS UK   --     --  107.00   --  55.70%   --  38.10%   --  6.30%",6%,abc,3,#NAME?,#NAME?,#NAME?,#NAME?,#NAME?,#NAME?,,
HALT,#REF!,#REF!,#REF!,,"Of all people living in cities in low-income countries, how may say they have convenient access to public transport?",,Not found in gs_combined,"Of all people living in cities in low-income countries, how may say they have convenient access to public transport?",#REF!,#REF!,Dont know where the number cited in this question is coming from directly - the link given is for sub-saharan african cunties not LIC's,"use 
https://docs.google.com/document/d/1d_TfdpnsH3iC45l2dVlC6V8deW0kG8xLB5mtur0g1cA/edit#heading=h.2111okgo0wfe",,,,,,,,,,,,sub_11.3,"Of all people living in cities in low-income countries, how may say they have convenient access to public transport?",18%,"1%, 8%, 18%",,Yes,23% in GS UK,https://unstats.un.org/sdgs/report/2019/goal-11/,,,,,#N/A,#N/A,#N/A,#N/A,#N/A,#NAME?,#NAME?,#NAME?,#NAME?,#NAME?,#NAME?,,
HALT,#REF!,#REF!,#REF!,,"Of all people living in cities in Sub-Saharan Africa, how many live within a few hundred meters of public transport?",,Not found in gs_combined,"Of all people living in cities in Sub-Saharan Africa, how many live within a few hundred meters of public transport?",#REF!,#REF!,,https://docs.google.com/document/d/1d_TfdpnsH3iC45l2dVlC6V8deW0kG8xLB5mtur0g1cA/edit#,,,,,,,,,,,,,"Of all people living in cities in Sub-Saharan Africa, how many live within a few hundred meters of public transport?",18%,"2%, 10%, 18%",,Yes,20% in GS UK,https://unstats.un.org/sdgs/report/2019/goal-11/,,,,,#N/A,#N/A,#N/A,#N/A,#N/A,#NAME?,#NAME?,#NAME?,#NAME?,#NAME?,#NAME?,,
HALT,#REF!,#REF!,#REF!,,"On average, how much land in cities in the world is dedicated to open public spaces?",,Not found in gs_combined,"On average, how much land in cities in the world is dedicated to open public spaces?",#REF!,#REF!,Halted as: DEFINITION INCLUDES STREETS,https://docs.google.com/document/d/1gofs6E_tTGN6fu7VS-SlN--Xfo5VRVlEEuM7bB1w_N8/edit#,x,KM,x,,,,,,,,,sub_11.7,"On average, how much land in cities in the world is dedicated to open public spaces?",Around 25%,"Around 5%, Around 15%, Around 25%",,Yes,25% in GS UK,https://unstats.un.org/sdgs/report/2019/goal-11/,,,,,#N/A,#N/A,#N/A,#N/A,#N/A,#NAME?,#NAME?,#NAME?,#NAME?,#NAME?,#NAME?,,
HALT,#REF!,#REF!,#REF!,,"What share of water that is used by households, businesses and industry goes back into the environment without being cleaned properly?",,Not found in gs_combined,"What share of water that is used by households, businesses and industry goes back into the environment without being cleaned properly?",#REF!,#REF!,"We can't use: People guess all over the place, and 60%  could potentially be the right answer,
Doubt over the number. see expert comments in step 2 document. Keith trying to find a solid number we can use",https://docs.google.com/document/d/1hIgsLzNxVsdtdWUsR1kAn_Bvzgd2U2XKwaFHqZ8V7oo/edit#,x,KM,x,x,,,,,,,,,"What share of water that is used by households, businesses and industry goes back into the environment without being cleaned properly?",80%,"40%, 60%, 80%",,Yes,23% in GS UK,"https://www.undp.org/content/undp/en/home/librarypage/environment-energy/water_governance/what-works-in-water-and-ocean-governance.html
p. 9",,,,,-23.30%,"Correct: 80%   --  Resp   --  40%   --  60%   --  80%
GS UK   --     --  144.00   --  34.80%   --  41.90%   --  23.30%",23%,abc,3,#NAME?,#NAME?,#NAME?,#NAME?,#NAME?,#NAME?,,
HALT,#REF!,#REF!,#REF!,,"Worldwide, of all patents filed in 2018, how many were filed from low- and middle-income countries?",,Not found in gs_combined,"Worldwide, of all patents filed in 2018, how many were filed from low- and middle-income countries?",#REF!,#REF!,"THIS IS CHINA!  We can't generalize to MIC, ",,,,,,,,,,,,,,"Worldwide, of all patents filed in 2018, how many were filed from low- and middle-income countries?",54%,"14%, 34%, 54%",,Yes,23% in GS UK,https://www3.wipo.int/ipstats/keysearch.htm?keyId=204,,,,,#N/A,#N/A,#N/A,#N/A,#N/A,#NAME?,#NAME?,#NAME?,#NAME?,#NAME?,#NAME?,,
HALT,#REF!,#REF!,#REF!,,"If current trends continue, low-income countries will triple their amount of waste by 2050. What share of the global waste will by then be generated by low-income countries?",,Not found in gs_combined,"If current trends continue, low-income countries will triple their amount of waste by 2050. What share of the global waste will by then be generated by low-income countries?",#REF!,#REF!,"AFRY
KM: the data for LIC is extremely unreliable and the projections don't take into account industrial waste, which is what grows most as a result of GDP growth........... Hm, it's the currently LIC,... 
Let's ask: 
""if the current trends continue, the poorest 10% of countries will tripple the waste the annual amount of waste they produce, in the next 30 years. What will their share be of the total?""",https://docs.google.com/document/d/1nyVPgG9aloTF3YNobCT5AsUFmvL11e0H0cAOs_62idw/edit?pli=1#heading=h.cnmim2piwsvf,,LD,,x,,,,,,,,,"If current trends continue, low-income countries will triple their amount of waste by 2050. What share of the global waste will by then be generated by low-income countries?",10%,"10%, 30%, 50%",,Yes,"18% in GS, 23% in N",What a waste report:https://drive.google.com/drive/folders/1sBJpxMVZr__aszvASVUuAMWNb9nw1_cJ,,,,,-19.55%,"Correct: 8%   --  Resp.   --  10%   --  30%   --  50%
GS   --     --  199   --  18.40%   --  36.70%   --  44.90%
Novus   --     --  104   --  23%   --  40%   --  37%",20%,abc,3,#NAME?,#NAME?,#NAME?,#NAME?,#NAME?,#NAME?,,
HALT,#REF!,#REF!,#REF!,,"If current trends continue, when are fossil fuels expected to be used up?",,Not found in gs_combined,"If current trends continue, when are fossil fuels expected to be used up?",#REF!,#REF!,"When we say ""trends past decade"" we need to be more precise.. there are lots of trends....
I changed the answers to enable a much wider understanding of fosil fules, as ""not yet discovered types of fosil ""...
If the trends of the past decade continue, when should we expect all fossil fuels to be used up?
Before 2050 , Around 2075 , After 2100

 which solved this comment form Daniel: This must mention ""known sources of fosil fuel. (The discovery of new sources, has changed ... so this forecast 50 years ago would have been wrong, if it had not mentioned known sources)
""If the use of fossil fuel continues like the current trends, when will all currently known sources be used up?""
(Another aspect is the advancement in technology that can allow us to squezze out more fossil fuels from the sources we know. /Daniel)",https://docs.google.com/document/d/18lXNrND5xmMZq20ooLeiwVXrPN2uRZhGaekcyzeVs_A/edit,x,SP,x,x,,,,,x,x,x,x sub_13.a,"If current trends continue, when are fossil fuels expected to be used up?",Around 2110,"Around 2050, Around 2080, Around 2110,",,Yes,22% in GS UK,https://www.sciencedirect.com/science/article/pii/S0301421508004126,,,,,-22.40%,"Correct: 2112   --  Resp.   --  Around 2050   --  Around 2080   --  Around 2110
GS
UK   --     --  146   --  43.30%   --  34.40%   --  22.40%",22%,abc,3,#NAME?,#NAME?,#NAME?,#NAME?,#NAME?,#NAME?,,
HALT,#REF!,#REF!,#REF!,,What share of the global population have already experienced a temperature increase of 1.5 degrees Celsius in at least one season?,,Not found in gs_combined,What share of the global population have already experienced a temperature increase of 1.5 degrees Celsius in at least one season?,#REF!,#REF!,"Need to be iterated
1. the word ""already"" could go away form the quesiotn, right ,...
And try with 7 allternatives again, but move the scale up between 40 and 90% ... 
2. ""has""
3. Should probaby mention time-frame: last fifty years ?",https://docs.google.com/document/d/1iUfBL_hT6NwPwPG4J-X9g7gjpHXIFD_EBI1ZW4t0toE/edit#heading=h.vifn8d33c7p9,x,KM,x,x,x,,,,,,,"chain to q1003 - excess heat in oceans
https://www.ipcc.ch/2020/04/24/ipcc-wgii-extends-ar6-schedule/
See:  The Fourth Lead Author Meeting to prepare the final draft will also be postponed by about four months to March 2021",What share of the global population have already experienced a temperature increase of 1.5 degrees Celsius in at least one season?,40%,"40%, 60%, 80%",,Yes,27% in GS UK,"Daniel questions, IPCC report",,,,,-26.70%,"Correct: 40%   --  Resp   --  40%   --  60%   --  80%
GS UK   --     --  113   --  26.70%   --  45.30%   --  28.00%",27%,abc,3,#NAME?,#NAME?,#NAME?,#NAME?,#NAME?,#NAME?,,
HALT,#REF!,#REF!,#REF!,,How much must the total CO2 emissions in the world change before 2030 to avoid a global warming of more than 1.5 degrees Celsius?,,Not found in gs_combined,How much must the total CO2 emissions in the world change before 2030 to avoid a global warming of more than 1.5 degrees Celsius?,#REF!,#REF!,"This depends on what is done to achieved the reduction: Turing coal into gas plants wont solve the problem by 2050!
Did we iterate with this ?",https://docs.google.com/document/d/18Y9rthNDAhBhzqv8-qTKHhe1pA_RxQAGM_5fhiS6bnI/edit#,x,x,x,,,,,,,,,,How much must the total CO2 emissions in the world change before 2030 to avoid a global warming of more than 1.5 degrees Celsius?,reduce to 50% of current emissions,"reduce to 20% of current emissions
reduce to 50% of current emissions
reduce to 80% of current emissions",,,,https://www.ipcc.ch/2018/10/08/summary-for-policymakers-of-ipcc-special-report-on-global-warming-of-1-5c-approved-by-governments/,,,,,0.00%,,,Multi,7,#NAME?,#NAME?,#NAME?,#NAME?,#NAME?,#NAME?,,
HALT,#REF!,#REF!,#REF!,,What happens to the global average temperature after a large volcanic eruption?,,Not found in gs_combined,What happens to the global average temperature after a large volcanic eruption?,#REF!,#REF!,The qustion would have to be too detailed for it to work,https://docs.google.com/document/d/1IspuquV11jJCxMuVBzeDzO6ZMPWYdUNQNyclbZMhKsk/edit#,x,KM,x,,,,,,,,,,What happens to the global average temperature after a large volcanic eruption?,It decreases,"It decreases, it doesn't influence temperature, it increases",,Yes,19% in GS UK,Daniel Nordström,,,,,-18.70%,"Correct: it decreases   --  Resp   --  It decreases   --  It doesn't influence global temperatures   --  It increases
GS UK   --     --  115.00   --  18.70%   --  24.70%   --  56.60%",19%,abc,3,#NAME?,#NAME?,#NAME?,#NAME?,#NAME?,#NAME?,,
HALT,#REF!,#REF!,#REF!,,"Between 2000 and 2005, on average 383 natural disasters were registered each year in the world. What was the number during the past 5 years?",,Not found in gs_combined,"Between 2000 and 2005, on average 383 natural disasters were registered each year in the world. What was the number during the past 5 years?",#REF!,#REF!,"EXPERTS HAVE SERIOUS CONCERNS REGARDING MEASURING TRENDS IN NATURAL DISASTERS, USING THE TERM ""NATURAL DISASTERS"" AND THE DEFININTION OF NATURAL DISASTERS.",PRIO 1,,PL,,,,,,,,,,sub_13.1,"Between 2000 and 2005, on average 383 natural disasters were registered each year in the world. What was the number during the past 5 years?",317,"317, 1017, 3017",,Yes,24% in GS UK,https://ourworldindata.org/grapher/number-of-natural-disaster-events,317,5,survey=imadivks2m6uwk4tc5fd5uh4la,,-24.40%,"Correct: 317   --  Resp   --  317   --  1017   --  3017
GS UK   --     --  147.00   --  24.40%   --  50.90%   --  24.70%",24%,abc,3,#NAME?,#NAME?,#NAME?,#NAME?,#NAME?,#NAME?,,
HALT,#REF!,#REF!,#REF!,,"If we stopped all CO2 emissions worldwide right now, how much of the extra CO2 in the atmosphere which humans have added would still remain there 100 years from now?",,Not found in gs_combined,"If we stopped all CO2 emissions worldwide right now, how much of the extra CO2 in the atmosphere which humans have added would still remain there 100 years from now?",#REF!,#REF!,,https://docs.google.com/document/d/124I66ulOL_PRx2Kk5RFW4fqCcGUQOdDrqpc18Np33_M/edit?pli=1#,,,,,,,,,,x,x,,"If we stopped all CO2 emissions worldwide right now, how much of the extra CO2 in the atmosphere which humans have added would still remain there 100 years from now?",More than 50% of today's amount,"Close to 0% of today’s amount, Around 25% of today’s amount, More than 50% of today's amount",,,,,,,,,0.00%,,,,,#NAME?,#NAME?,#NAME?,#NAME?,#NAME?,#NAME?,,
HALT,#REF!,#REF!,#REF!,,"Agricultural productivity is how efficient all the farming land, labor, money and machinery is at producing food. How has that productivity been affected by climate change since 1960?",,Not found in gs_combined,"Agricultural productivity is how efficient all the farming land, labor, money and machinery is at producing food. How has that productivity been affected by climate change since 1960?",#REF!,#REF!,HALT. The measure we are using is a very difficult concept to explain in a sentence for people to understand plus estimates are “notoriously unreliable” according to one of our experts,https://docs.google.com/document/d/1nUtTixfgh4vaIA-5lh0tuC0z3PW__t8Yx88SfnFLkE0/edit#,x,KM,x,,,,,,,,,,"Agricultural productivity is how efficient all the farming land, labor, money and machinery is at producing food. How has that productivity been affected by climate change since 1960?",It decreased it 20%,"It decreased it 100%, It decreased it 50%, It decreased it 20%, It hasn't affected it, It increased it 20%, It increased it 50%, It increased it 100%",,,,FAO,,,,,0.00%,,,,,#NAME?,#NAME?,#NAME?,#NAME?,#NAME?,#NAME?,,
HALT,#REF!,#REF!,#REF!,,"The atmosphere is part of the lower layer around the planet. When this lower layer warms up due to climate change, what happens to the layer above it? ",,Not found in gs_combined,"The atmosphere is part of the lower layer around the planet. When this lower layer warms up due to climate change, what happens to the layer above it? ",#REF!,#REF!,"OLA SUGGEST, bt check with Daniel before asking. Daniel please add your suggested phrasing here. Is it 10 km ?
""During the last 30 years, what happened to the average temperature in the athmosphere below and over 10 km?"" 
A. It got warmer both below and above 10 km
B. It got warmer below and colder above 10 km
C. It got colder below and warmer above 10 km
",,,,,x,,,,,,,,,"The atmosphere is part of the lower layer around the planet. When this lower layer warms up due to climate change, what happens to the layer above it? ",It cools down,"It cools down
It is not influenced by lower layer
It also warms up ",,Yes,"25% in GS UK
23% in GS USA
14% in Novus",https://docs.google.com/spreadsheets/d/1yiiB8ws3pN-Q0Lxxren0BTFexoIixqUvy1YzYPKdRi4/edit#gid=0,,,,,-17.43%,"Correct: It cools down   --  Resp.   --  It cools down   --  It is not influenced by the lower layer   --  It also warms up
GS
UK   --     --  102   --  25.40%   --  17%   --  57.60%
GS
USA   --     --  101   --  23.20%   --  21.10%   --  55.70%
Novus   --     --  98   --  14%   --  8%   --  78%",17%,abc,3,#NAME?,#NAME?,#NAME?,#NAME?,#NAME?,#NAME?,,
HALT,#REF!,#REF!,#REF!,,What share of greenhouse gases in the atmosphere is man-made?,,Not found in gs_combined,What share of greenhouse gases in the atmosphere is man-made?,#REF!,#REF!,"KM: There is no good source for this and getting to the bottom of the answer would take a really long time as it is extremely complex. It is also sensitive so climate change scientists are not super keen to engage from Georgia's experience so far.     OLA: I think key word missing i ""directly"" ,... 
""

because an increase of 1% is triggering indirect increase at larger extent 
Caused by humans,... water vapor,...
Should we try:
""Of all greenhouse gas in the athmosphere, what share is directly man made, including sources like powerplants, homes, industries, transport and agricultures?""
",https://docs.google.com/document/d/1M-JX22_nbkzBCrJvV-6z0VevgY6kbE27dx0Y6HBHrlY/edit#,x,GM,x,x,x,,,,,,,sub,What share of greenhouse gases in the atmosphere is man-made?,1%,"1%
50%
99%",,Yes,"14% in GS
9% in Novus",Daniel Nordström,,,,,-13.80%,"Correct: 1%   --  Resp.   --  1%   --  50%   --  99%
GS   --     --  125   --  13.80%   --  52.30%   --  33.90%",14%,abc,3,#NAME?,#NAME?,#NAME?,#NAME?,#NAME?,#NAME?,,
HALT,#REF!,#REF!,#REF!,,Which of the following gases does not contribute to global warming?,,Not found in gs_combined,Which of the following gases does not contribute to global warming?,#REF!,#REF!,"Nitrogene does contribute, but Water vapor hardly does directly...",How many adults in the world say they can read?,,,,,,,,,,,,,Which of the following gases does not contribute to global warming?,Nitrogen,"Water vapor
Carbon dioxide
Nitrogen",,Yes,"19% in GS
17% in N",https://www.acs.org/content/acs/en/climatescience/greenhousegases/whichgases.html,,,,,-17.55%,"Correct: Nitrogen   --  Resp.   --  Water vapor   --  Carbon dioxide   --  Nitrogen
GS   --     --  120   --  68%   --  12.70%   --  19.20%
Novus   --     --  94   --  67%   --  17%   --  17%",18%,abc,3,#NAME?,#NAME?,#NAME?,#NAME?,#NAME?,#NAME?,,
HALT,#REF!,#REF!,#REF!,,Which of the following planets has the coldest surfaces temperatures?,,Not found in gs_combined,Which of the following planets has the coldest surfaces temperatures?,#REF!,#REF!,We don't assume any knowledge of planets,,,,,,,,,,,,,,Which of the following planets has the coldest surfaces temperatures?,Uranus,"Jupiter
Earth
Uranus",,No,68% in GS UK,https://solarsystem.nasa.gov/resources/681/solar-system-temperatures/,,,,,-67.80%,"Correct: uranus   --  Resp.   --  Jupiter   --  Earth   --  Uranus
GS
UK   --     --  163   --  21.70%   --  10.50%   --  67.80%",68%,abc,3,#NAME?,#NAME?,#NAME?,#NAME?,#NAME?,#NAME?,,
HALT,#REF!,#REF!,#REF!,,How has the concentration of carbon dioxide changed in the atmosphere during the last 200 years?,,Not found in gs_combined,How has the concentration of carbon dioxide changed in the atmosphere during the last 200 years?,#REF!,#REF!,,https://docs.google.com/document/d/1M-JX22_nbkzBCrJvV-6z0VevgY6kbE27dx0Y6HBHrlY/edit#,x,x,,,,,,,,,,,How has the concentration of carbon dioxide changed in the atmosphere during the last 200 years?,Increased by 30%,"Increased by 30%, 100%, 300%",,,,"https://www.ipcc.ch/site/assets/uploads/2018/02/WG1AR5_Chapter06_FINAL.pdf 
Chapter 6 page 491
Daniel Nordström",,,,,0.00%,,,abc,11,#NAME?,#NAME?,#NAME?,#NAME?,#NAME?,#NAME?,,
HALT,#REF!,#REF!,#REF!,,The levels of CO2 in the air are increasing. What happens to vegetation as a result of this?,,Not found in gs_combined,The levels of CO2 in the air are increasing. What happens to vegetation as a result of this?,#REF!,#REF!,"The answer alternatives  are using domain specific lingo, whic we don't want! greening..."" 
And I believe we must keep the ""everything else stay the same"",... because people might otherwise be answering what will happen if CO2 leads to drought...
Try:
""When CO2 levels in the air increases, assuming everything else stays the same, what happens to plants?""",,,,,x,,,,,,,,,The levels of CO2 in the air are increasing. What happens to vegetation as a result of this?,More vegetation: greening effect,"Vegetation dies: browning effect,
More vegetation: greening effect,
It accelerates the life cycles of vegetation",,Yes,17% in GS UK,https://www.iflscience.com/environment/rising-carbon-dioxide-greening-earth-it-s-not-all-good-news/,,,,,-17.20%,"Correct: greening effect    --  Resp.   --  Vegetation dies: browning effect   --  Vegetation lives: greening effect   --  It accelerates the life cycles of vegetation
GS
UK   --     --  101   --  58.90%   --  17.20%   --  23.90%",17%,abc,3,#NAME?,#NAME?,#NAME?,#NAME?,#NAME?,#NAME?,,
HALT,#REF!,#REF!,#REF!,,Which among the following three sectors produces the largest share of greenhouse gas emissions?,,Not found in gs_combined,Which among the following three sectors produces the largest share of greenhouse gas emissions?,#REF!,#REF!,"rephrase options again:
Manufacturing industries, Electricity & heat production, Transport

See: 720.2
Globally, which of the following sectors contributes most to the total emissions of greenhouse gases?
""Correct: Electricity & heat production   --  Resp.   --  Industry   --  Transportation   --  Electricity & heat production
GS
UK   --     --  105   --  41.50%   --  31.30%   --  27.20%

(Note: Question asked before Results gs_combined was used, showing a copy of the old summary above)""",https://docs.google.com/document/d/13kWo_kburZVyESgW1upXtZ7v25td1tilbwYELmpM_Bc/edit#heading=h.10zrlkwjun8l,x,LD,,x,,,,,,,,,Which among the following three sectors produces the largest share of greenhouse gas emissions?,Electricity generation,"Manufacturing 
Electricity generation
Transportation",,Yes,16% in GS UK,,,,,,-16.10%,"Correct: electricity production   --  Resp.   --  Manufacturing   --  Electricity production   --  Transportation
GS
UK   --     --  115   --  31.80%   --  16.10%   --  52.10%",16%,abc,3,#NAME?,#NAME?,#NAME?,#NAME?,#NAME?,#NAME?,,
HALT,#REF!,#REF!,#REF!,,What share of coral reefs is currently NOT threatened by ocean warming and acidification? ,,Not found in gs_combined,What share of coral reefs is currently NOT threatened by ocean warming and acidification? ,#REF!,#REF!,"EXPERTS SAY ANSWER IS WRONG. DO NOT USE THIS QUESTION. This is good, but shoulödn't be in GMS2",,x,,x,,,,,,,,,,What share of coral reefs is currently NOT threatened by ocean warming and acidification? ,40%,"0%, 20%, 40%",,Yes,20% in GS UK,https://www.un.org/sustainabledevelopment/wp-content/uploads/2017/05/Ocean-fact-sheet-package.pdf,,,,,-19.50%,"Correct: 40%   --  Resp   --  0%   --  20%   --  40%
GS UK   --     --  130   --  46.50%   --  34.10%   --  19.50%",20%,abc,3,#NAME?,#NAME?,#NAME?,#NAME?,#NAME?,#NAME?,,
HALT,#REF!,#REF!,#REF!,,"What share of the world’s oceans suffer from poor waste management, overfishing and bad fishing practices?",,Not found in gs_combined,"What share of the world’s oceans suffer from poor waste management, overfishing and bad fishing practices?",#REF!,#REF!,Halted. After fact-checking it is unclear which would be the correct answer to our question. The data could not be confirmed by any other sources.,https://docs.google.com/document/d/1UPRE3MhBh39F9-IDve6JIxmgNoyHnsVcrGE1Srhts9Y/edit#heading=h.cnmim2piwsvf,x,ES,x,,,,,,,,,,"What share of the world’s oceans suffer from poor waste management, overfishing and bad fishing practices?",40%,"40%, 60%, 80%",,Yes,12% in GS UK,http://wedocs.unep.org/bitstream/handle/20.500.11822/22749/14_Life%20below%20waterFINAL.pdf?sequence=1&isAllowed=y,,,,,-11.70%,"Correct: 40%   --  Resp   --  40%   --  60%   --  80%
GS UK   --     --  247.00   --  11.70%   --  30.20%   --  58.10%",12%,abc,3,#NAME?,#NAME?,#NAME?,#NAME?,#NAME?,#NAME?,,
HALT,#REF!,#REF!,#REF!,,"Between 2012 and 2018, how many of the 220 coastal regions globally showed improvement in the water quality?",,Not found in gs_combined,"Between 2012 and 2018, how many of the 220 coastal regions globally showed improvement in the water quality?",#REF!,#REF!,"OLA: Yes the underlaying data is not granular and up to date, so expressing change over years seems unreasonable. For example: Nutrient pollution data is from 2008 and 2015,... while we are asking about change between 2012 and 2018,... See comment in Repharse column to the eright 
PL - Concerns from experts reagrding the very broad nature of the indicator. For Ola to r/v.",https://docs.google.com/document/d/1J9-lGFQ3SoYkeKB4sIPO_dO1zJvwkYVaN8NgAtTcwP4/edit?pli=1#heading=h.7jkzjbb42ibw,x,PL,x,,,,,,,,,,"Between 2012 and 2018, how many of the 220 coastal regions globally showed improvement in the water quality?",104,"14, 54, 104",,Yes,24% in GS UK,https://unstats.un.org/sdgs/report/2019/goal-14/,,,,,#N/A,#N/A,#N/A,#N/A,#N/A,#NAME?,#NAME?,#NAME?,#NAME?,#NAME?,#NAME?,,
HALT,#REF!,#REF!,#REF!,,What share of 220 coastal regions around the world improved their water quality between 2012 and 2018?,,Not found in gs_combined,What share of 220 coastal regions around the world improved their water quality between 2012 and 2018?,#REF!,#REF!,"Data is not good enough
to talk of the short time trend",https://docs.google.com/document/d/1J9-lGFQ3SoYkeKB4sIPO_dO1zJvwkYVaN8NgAtTcwP4/edit?pli=1#heading=h.7jkzjbb42ibw,,,,,,,,,,,,,What share of 220 coastal regions around the world improved their water quality between 2012 and 2018?,47%,"7%, 27%, 47%",,Yes,18% in GS UK,"https://unstats.un.org/sdgs/report/2019/The-Sustainable-Development-Goals-Report-2019.pdf
p. 50",,,,,0.00%,#N/A,,#N/A,#N/A,#NAME?,#NAME?,#NAME?,#NAME?,#NAME?,#NAME?,,
HALT,#REF!,#REF!,#REF!,,"According to the IUCN Red List of Threatened Species, what is the most common threat that contributed to the last 500 years of animal and plant extinctions?",,Not found in gs_combined,"According to the IUCN Red List of Threatened Species, what is the most common threat that contributed to the last 500 years of animal and plant extinctions?",#REF!,#REF!,"Try find a end year, maybe all the way to 1970,... the main reason for exctinciton was invasice species...
""Between 1800 and 1950 what was the main reason for exctinction,... ""
Ask about ""Until 1950 what was the main reason"" ... 
The word ""is"" is misleading, because most of these ""were"" exctincted many decades ago with a different threat than what might be largest today.",https://docs.google.com/document/d/1KMoym-zMK_5mCpQPm6fyYISgwwDRV0Phnk9zvJV9Jks/edit#,x,GM,x,x,x,,,,A,,,"sub
In relevance, we MUST emphasize that after 1950, other threates are more common: human epxansion,,,","According to the IUCN Red List of Threatened Species, what is the most common threat that contributed to the last 500 years of animal and plant extinctions?",Plants & animals from other locations,"Climate change, Plants & animals from other locations, Residential & commercial development",Climate change,Yes,17% in GS UK,https://www.iucnredlist.org/search/stats?redListCategory=ex,,,,,-7.80%,"Correct: alien species   --  Resp   --  Climate change   --  Plants & animals from other locations   --  Habitat destruction
GS UK   --     --  118.00   --  23.10%   --  7.80%   --  69.10%",8%,abc,3,#NAME?,#NAME?,#NAME?,#NAME?,#NAME?,#NAME?,,
HALT,#REF!,#REF!,#REF!,,What share of forests in the world are managed with a long-term management plan?,,Not found in gs_combined,What share of forests in the world are managed with a long-term management plan?,#REF!,#REF!,"Halt suggested, please see step 2",https://docs.google.com/document/d/1sZMEQlEuJXpjXhv2PuTveDsvMBT3X-ydHdr174zDIBc/edit#,x,LD,x,,,,,,,,,,What share of forests in the world are managed with a long-term management plan?,57%,"17%, 37%, 57%",,Yes,17% in GS UK,https://sdg-tracker.org/biodiversity#15.2.1,57%,7,survey=tjqma7aj65w5tfxsprg4ncoctq,,-16.90%,"Correct: 57%   --  Resp   --  17%   --  37%   --  57%
GS UK   --     --  113.00   --  48.80%   --  34.30%   --  16.90%",17%,abc,3,#NAME?,#NAME?,#NAME?,#NAME?,#NAME?,#NAME?,,
HALT,#REF!,#REF!,#REF!,,What share of all land areas in the world is degraded (i.e. a loss of biological or economic productivity)?,,Not found in gs_combined,What share of all land areas in the world is degraded (i.e. a loss of biological or economic productivity)?,#REF!,#REF!,tricky number - muddy definitions and lots of different methodologies. Experts motsly happy with 20% but other numbers in the literature - so quite uncertain,https://docs.google.com/document/d/13YFpuGvbzYZKYGKJfg64jtIPrvb9L2H8z4XlZKHPaRo/edit#,x,GM,x,,,,,,,,,,What share of all land areas in the world is degraded (i.e. a loss of biological or economic productivity)?,20%,"20%, 35%, 50%",,Yes,28% in GS UK,https://sdg-tracker.org/biodiversity#15.3,20%,4,survey=omthdyzht6ccscho57sq2krgyu,,-27.50%,"Correct: 20%   --  Resp   --  20%   --  35%   --  50%
GS UK   --     --  145.00   --  27.50%   --  37.20%   --  35.30%",28%,abc,3,#NAME?,#NAME?,#NAME?,#NAME?,#NAME?,#NAME?,,
HALT,#REF!,#REF!,#REF!,,"Of all the mountain areas considered important for biodiversity, what share on average is protected?",,Not found in gs_combined,"Of all the mountain areas considered important for biodiversity, what share on average is protected?",#REF!,#REF!, muddy definition,https://docs.google.com/document/d/1eI4Vd-om0xbtXvsAjSF2ColfE-E5uSyGBCS6lwnYVS4/edit#,x,GM,x,,,,,,,,,,"Of all the mountain areas considered important for biodiversity, what share on average is protected?",41%,"11%, 26%, 41%",,Yes,14% in GS UK,https://unstats.un.org/sdgs/indicators/database/,47%,5,survey=omthdyzht6ccscho57sq2krgyu,,0.00%,,,abc,3,#NAME?,#NAME?,#NAME?,#NAME?,#NAME?,#NAME?,,
HALT,#REF!,#REF!,#REF!,,What share of all forests in the world is natural forest?,,Not found in gs_combined,What share of all forests in the world is natural forest?,#REF!,#REF!,"I know people who would disagree. Ask instead (if this is what it means ""not plantage"" ) : 
""What share of forests are planted by humans""
/Ola",,,,,,,,,,,,,,What share of all forests in the world is natural forest?,90%,"30%, 60%, 90%",,Yes,24% in GS,http://www.fao.org/news/story/en/item/326911/icode/,,,,,-24.00%,"Correct: 93%   --  Resp.   --  30%   --  60%   --  90%
GS   --     --  146   --  37%   --  39%   --  24%
Novus   --     --     --     --     --  ",24%,abc,3,#NAME?,#NAME?,#NAME?,#NAME?,#NAME?,#NAME?,,
HALT,#REF!,#REF!,#REF!,,Agricultural output in Africa is mainly determined by:,,Not found in gs_combined,Agricultural output in Africa is mainly determined by:,#REF!,#REF!,"no, its not.",,,,,,,,,,,,,,Agricultural output in Africa is mainly determined by:,Climate,"Economy, Climate, Political stability",,No,38% in GS UK,https://www.un.org/en/africa/osaa/pdf/pubs/2013africanagricultures.pdf,,,,,-37.80%,"Correct: climate   --  Resp.   --  Climate    --  Economy   --  Political stability
GS
UK   --     --  140   --  37.80%   --  21.10%   --  41.20%",38%,abc,3,#NAME?,#NAME?,#NAME?,#NAME?,#NAME?,#NAME?,,
HALT,#REF!,#REF!,#REF!,,"When countries can score on corruption between 1 (no corruption) and 100 (highly corrupt), what is the average score in the world in 2019?",,Not found in gs_combined,"When countries can score on corruption between 1 (no corruption) and 100 (highly corrupt), what is the average score in the world in 2019?",#REF!,#REF!,hyper academic excersice of index,,,,,,,,,,,,,,"When countries can score on corruption between 1 (no corruption) and 100 (highly corrupt), what is the average score in the world in 2019?",43,"43, 58, 73",,Yes,21% in GS UK,https://www.transparency.org/news/feature/cpi_2019_global_highlights,,,,,#N/A,#N/A,#N/A,#N/A,#N/A,#NAME?,#NAME?,#NAME?,#NAME?,#NAME?,#NAME?,,
HALT,#REF!,#REF!,#REF!,,"Worldwide, how many firms feel they are expected to give gifts to secure government contracts?",,Not found in gs_combined,"Worldwide, how many firms feel they are expected to give gifts to secure government contracts?",#REF!,#REF!,"No good data,... ",https://docs.google.com/document/d/1SOJTJtMFXkkuVizAhnKYawPbWPGDn_Amd0-9D6RQxmc/edit#heading=h.gw388bynoaoy,x,ES,x,,,,,,,,,,"Worldwide, how many firms feel they are expected to give gifts to secure government contracts?",25%,"25%, 50%, 75%",,Yes,21% in GS UK,https://www.enterprisesurveys.org/en/data/exploretopics/corruption#,,,,,#N/A,#N/A,#N/A,#N/A,#N/A,#NAME?,#NAME?,#NAME?,#NAME?,#NAME?,#NAME?,,
HALT,#REF!,#REF!,#REF!,,"In 2019, which countries hosted the fewest refugees?",,Not found in gs_combined,"In 2019, which countries hosted the fewest refugees?",#REF!,#REF!,"Not sure this is true any more, as LIC tend to have VERY few! ",,,,,,,,,,,,,,"In 2019, which countries hosted the fewest refugees?",High-income countries,"Low-income countries, Middle-income countries, High-income countries",Low-income countries,No,37% in GS UK,"https://www.unhcr.org/5ee200e37.pdf
 pg 24",,,,,0.00%,#N/A,,,#N/A,#NAME?,#NAME?,#NAME?,#NAME?,#NAME?,#NAME?,,
HALT,#REF!,#REF!,#REF!,,Which countries have the highest levels of corruption?,,Not found in gs_combined,Which countries have the highest levels of corruption?,#REF!,#REF!,Very uncertain data...,,,,,,,,,,,,,,Which countries have the highest levels of corruption?,Low-income countries,"Low-income countries
Middle-inome countries
High-income countries",High-income countries,No,50% in GS,https://ourworldindata.org/corruption,,,,,-49.50%,"Correct: low income countries   --  Resp.   --  Low-income countries   --  Middle-income countries   --  High-income countries
GS   --     --  161   --  49.50%   --  18.70%   --  31.80%",50%,abc,3,#NAME?,#NAME?,#NAME?,#NAME?,#NAME?,#NAME?,,
HALT,#REF!,#REF!,#REF!,,What is the most imported product to Sub-Saharan Africa?,,Not found in gs_combined,What is the most imported product to Sub-Saharan Africa?,#REF!,#REF!,Halted because experts pointed out that it is an unfair comparison to compare the three potential answer options.,https://docs.google.com/document/d/1quZQsih49g-Kh3_AH6LwMjMAf0JVlhnkkJOqMKN3Ckc/edit#,,,,x,,,,,,,,,What is the most imported product to Sub-Saharan Africa?,Consumer goods,"Food, textiles and clothing, consumer goods",,Yes,24% in GS UK,https://wits.worldbank.org/CountryProfile/en/Country/SSF/Year/2017/TradeFlow/Import/Partner/WLD/Product/all-groups,,,,,-23.90%,"Correct: consumer goods   --  Resp   --  Food   --  Textiles and clothing   --  Consumer goods
GS UK   --     --  111   --  42.50%   --  33.70%   --  23.90%",24%,abc,3,#NAME?,#NAME?,#NAME?,#NAME?,#NAME?,#NAME?,,
HALT,#REF!,#REF!,#REF!,,What share of governmental budgets in low-income countries are paid for with aid from richer countries?,,Not found in gs_combined,What share of governmental budgets in low-income countries are paid for with aid from richer countries?,#REF!,#REF!,"Needs rephrase:
""Aid from other countries as precent of the central government spending"" 
Also, needs to be chained to ""how many coutnries are LIC, as people think it's half of all countries: there's a REF Q about that we asked back in 2016
See this graph: https://bit.ly/32WNRDT
Please try create estimates for the missing Low INcome countries, so we can present a more complete picture

It's ODA % of Government budget. Where, for example; Niger has more than 100%...
Is this correct ?- cannot find data back for this. Data on ODA is here: https://stats.oecd.org/qwids/#?x=2&y=6&f=3:51,4:1,1:1,5:3,7:1&q=3:51+4:1+1:1+5:3+7:1+2:262,252,253,254,255,256,258+6:2007,2008,2009,2010,2011,2012,2013,2014,2015,2016,2017,2018
But no data for government spending on an income level to calculate this - IMF only calculate this on a national level. Halted for now. Ola to R/V ",https://docs.google.com/document/d/1npu5hoxLxygnnQtXZkPuhmMfNctj3I25OTJywgAmVbs/edit?pli=1,x,PL,x,x,,,,,x,x,x,"Find the number, Find data",What share of governmental budgets in low-income countries are paid for with aid from richer countries?,51%,"11%, 31%, 51%",,Yes,22% in GS UK,https://data.worldbank.org/indicator/DT.ODA.ODAT.XP.ZS?locations=XM,,,,,#N/A,#N/A,#N/A,#N/A,#N/A,#NAME?,#NAME?,#NAME?,#NAME?,#NAME?,#NAME?,,
HALT,#REF!,#REF!,#REF!,,What share of all patents filed last year were by residents of middle-income countries?,,Not found in gs_combined,What share of all patents filed last year were by residents of middle-income countries?,#REF!,#REF!,"It's just China!
Problematic descrepancy between triadic and WIPO
problematic measure: The Middle Income number is really just China: and the  patents there may be a signal, not of inovation, but of some other insentivisation scheme for business,... or political show of? Don't know...",https://docs.google.com/document/d/11IuFtpXNKalFVRDcQ11a9AxuKaftp0kxaY3XJKtGuyA/edit?pli=1,x,PL,x,,,,,,,,,,What share of all patents filed last year were by residents of middle-income countries?,64%,"24%, 44%, 64%",,Maybe,32% in GS UK,https://data.worldbank.org/indicator/IP.PAT.RESD?locations=XP-XM-1W,,,,,#N/A,#N/A,#N/A,#N/A,#N/A,#NAME?,#NAME?,#NAME?,#NAME?,#NAME?,#NAME?,,
HALT,#REF!,#REF!,#REF!,,What share of development frameworks designed in countries donating aid are drawn up using priorities and objectives drawn up by the recipient country?,,Not found in gs_combined,What share of development frameworks designed in countries donating aid are drawn up using priorities and objectives drawn up by the recipient country?,#REF!,#REF!,"""development frameworks"" is super abstract",,,,,,,,,,,,,,What share of development frameworks designed in countries donating aid are drawn up using priorities and objectives drawn up by the recipient country?,Around 80%,"Around 20%, Around 50%, Around 80%",,Yes,19% in GS UK,"http://effectivecooperation.org/wp-content/uploads/2019/07/GPEDC_2019-Report_Glossy_EN_web-1.pdf

pg 4 83%",,,,,0.00%,#N/A,,#N/A,#N/A,#NAME?,#NAME?,#NAME?,#NAME?,#NAME?,#NAME?,,
HALT,#REF!,#REF!,#REF!,,What share of countries receiving development assistance from other countries and organizations have high quality national development strategies in place?,,Not found in gs_combined,What share of countries receiving development assistance from other countries and organizations have high quality national development strategies in place?,#REF!,#REF!,"High quality, I wouldn't say...",,,,,,,,,,,,,,What share of countries receiving development assistance from other countries and organizations have high quality national development strategies in place?,64%,"14%, 34%, 64%",,Yes,22% in GS UK,"http://effectivecooperation.org/wp-content/uploads/2019/07/GPEDC_2019-Report_Glossy_EN_web-1.pdf

pg 4",,,,,0.00%,#N/A,,#N/A,#N/A,#NAME?,#NAME?,#NAME?,#NAME?,#NAME?,#NAME?,,
HALT,#REF!,#REF!,#REF!,,Where in the world is the highest tax rate for businesses?,,Not found in gs_combined,Where in the world is the highest tax rate for businesses?,#REF!,#REF!,KM: Halted due to several experts saying this question doesn't work. Corporate tax is (unsurprisingly) hugely complicated and our question dpesn't really work,,,KM,,,,,,,,,,,Where in the world is the highest tax rate for businesses?,Low-income countries,"Low-income countries
Middle-income countries
High-income countries",,Yes,24% in GS UK,https://data.worldbank.org/indicator/IC.TAX.TOTL.CP.ZS?locations=XD-XT-XN-XM-1W&view=chart,,,,,-23.90%,"Correct: low-income countries   --  Resp.   --  Low-income countries   --  Middle-income countries   --  High-income countries
GS
UK   --     --  94   --  23.90%   --  47.30%   --  28.80%",24%,abc,3,#NAME?,#NAME?,#NAME?,#NAME?,#NAME?,#NAME?,,
HALT,#REF!,#REF!,#REF!,,"In the past ten years, the share of the world’s population living in democratic countries has:",,Not found in gs_combined,"In the past ten years, the share of the world’s population living in democratic countries has:",#REF!,#REF!,,,,,,,,,,,,,,,"In the past ten years, the share of the world’s population living in democratic countries has:",Declined around 5%,"Declined around 5%
Stayed the same
Increased around 5%",Increased around 5%,,,"https://freedomhouse.org/report/freedom-world/2023/marking-50-years#executive-summary
https://www.v-dem.net/documents/29/V-dem_democracyreport2023_lowres.pdf",,,,,0.00%,,,,,#NAME?,#NAME?,#NAME?,#NAME?,#NAME?,#NAME?,,
HALT,#REF!,#REF!,#REF!,,"Over the last 50 years, the share of the world’s population living in democratic countries has:",,Not found in gs_combined,"Over the last 50 years, the share of the world’s population living in democratic countries has:",#REF!,#REF!,,,,,,,,,,,,,,,"Over the last 50 years, the share of the world’s population living in democratic countries has:",Increased around 13%,"Declined around 13%,
Stayed the same,
Increased around 13%",Declined around 13%,,,"https://freedomhouse.org/report/freedom-world/2023/marking-50-years#executive-summary
https://www.v-dem.net/documents/29/V-dem_democracyreport2023_lowres.pdf",,,,,0.00%,,,,,#NAME?,#NAME?,#NAME?,#NAME?,#NAME?,#NAME?,,
HALT,#REF!,#REF!,#REF!,,"Thirty years ago, democratic countries produced around 75% of all the world’s income. What is that figure today?",,Not found in gs_combined,"Thirty years ago, democratic countries produced around 75% of all the world’s income. What is that figure today?",#REF!,#REF!,,,,,,,,,,,,,,,"Thirty years ago, democratic countries produced around 75% of all the world’s income. What is that figure today?",Around 50%,"Around 20%, Around 50%, Around 80%",,,,https://www.v-dem.net/documents/29/V-dem_democracyreport2023_lowres.pdf,,,,,0.00%,,,,,#NAME?,#NAME?,#NAME?,#NAME?,#NAME?,#NAME?,,
HALT,#REF!,#REF!,#REF!,,"In 1990, there were 4 countries where populists were in power. In how many countries are populists in power today?",,Not found in gs_combined,"In 1990, there were 4 countries where populists were in power. In how many countries are populists in power today?",#REF!,#REF!,"The only strikt definition of Poppulist that I have heard of, is:
""Claim to be the true people's voice.""
and I don't see how we can ask about that without comparing all the claims from all governments",,,,,,,,,,,,,,"In 1990, there were 4 countries where populists were in power. In how many countries are populists in power today?",20,"10, 15, 20",,Yes,21% in GS UK,https://institute.global/insight/renewing-centre/populists-power-around-world,,,,,-20.90%,"Correct: 20   --  Resp.   --  10   --  15   --  20
GS
UK   --     --  116   --  50.70%   --  28.40%   --  20.90%",21%,abc,3,#NAME?,#NAME?,#NAME?,#NAME?,#NAME?,#NAME?,,
HALT,#REF!,#REF!,#REF!,,The world population is currently 7.7 billion people. When will the world population be double of that?,,Not found in gs_combined,The world population is currently 7.7 billion people. When will the world population be double of that?,#REF!,#REF!,"This we don't know. It must have a time-frame and a ref to ""according to who? 
""The world population is 7.7 billion. When are UN experts expecting it to have doubled"" A. 2050, B. 2100, C. They don't expect that in a foreseeable future.  ",,,,,,,,,,,,,,The world population is currently 7.7 billion people. When will the world population be double of that?,Never,"2050, 2100, never",,Yes,23% in GS UK,,,,,,-23.20%,"Correct: never   --  Resp   --  2050   --  2100   --  Never
GS UK   --     --  148   --  35%   --  41.80%   --  23.20%",23%,abc,3,#NAME?,#NAME?,#NAME?,#NAME?,#NAME?,#NAME?,,
HALT,#REF!,#REF!,#REF!,,Which countries are most optimisitc about the future? ,,Not found in gs_combined,Which countries are most optimisitc about the future? ,#REF!,#REF!,"Evidence is from EXPOs survey
This has been halted. We can't find the evidence behind the stetment during fact checking (see step 2)
but all countries are no surveyd...",https://docs.google.com/document/d/1fn1iImLo83mkPgB8toll6WJCw4Whn0Ef30yCJwNM2N8/edit#heading=h.gjdgxs,x,H,,,,,,,,,,,Which countries are most optimisitc about the future? ,Low-income countries,"Low-income countries
Middle-inome countries
High-income countries",High-income countries,Yes,15% in GS,https://ourworldindata.org/optimism-pessimism,,,,,-15.30%,"Correct: Low-income countries   --  Resp.   --  Low-income countries   --  Middle-income countries   --  High-income countries
GS   --     --  131   --  15.30%   --  58.40%   --  26.30%",15%,abc,3,#NAME?,#NAME?,#NAME?,#NAME?,#NAME?,#NAME?,,