question_id,question_text,language,option_a,option_a_correctness,correct_answer,option_b,option_b_correctness,option_c,option_c_correctness
21,"In 1980, roughly 40% of the world's population lived in extreme poverty, with less than $2 per day. What is the share today?",en-US,10%,Correct,10%,30%,Wrong,50%,Very Wrong
14,What share of all plastic waste in the world ends up in the oceans?,en-US,Less than 6%,Correct,Less than 6%,Around 36%,Wrong,More than 66%,Very Wrong
1523,"Roughly what is the minimum wage in these countries with lots of textile factories, India, China, Pakistan, Vietnam, Cambodia, Myanmar and Indonesia?",en-US,Around $0.2 a day,Very Wrong,Around $10 a day,Around $1 a day,Wrong,Around $10 a day,Correct
2,How did the number of deaths per year from natural disasters change over the last hundred years?,en-US,More than doubled,Very Wrong,Decreased to less than half,Remained about the same,Wrong,Decreased to less than half,Correct
31,"Worldwide, how many babies are born with a trained health worker present?",en-US,Less than 30%,Very Wrong,More than 80%,Around 50%,Wrong,More than 80%,Correct
1,What happened to the global suicide rate in the last 20 years?,en-US,Decreased about 25%,Correct,Decreased about 25%,Stayed about the same,Wrong,Increased about 25%,Very Wrong
72,"In 1990, 3% of the world’s population lived in a different country than where they were born. What is that share today?",en-US,4%,Correct,4%,14%,Wrong,24%,Very Wrong
1603,"By 2050, the number of old people (age 65+) will double everywhere, except:",en-US,Low-income countries,Very Wrong,High-income countries,Middle-income countries,Wrong,High-income countries,Correct
1506,"There are 2 billion children in the world today, aged 0-14 years old. How many children will there be in the year 2100 according to the United Nations?",en-US,4 billion,Very Wrong,2 billion,3 billion,Wrong,2 billion,Correct
32,In which countries are people on average least satisfied with their lives?,en-US,Low-income countries,Correct,Low-income countries,Middle-income countries,Wrong,High-income countries,Very Wrong
64,What share of the world’s population used the Internet in 2022?,en-US,Around 60%,Correct,Around 60%,Around 75%,Wrong,Around 95%,Very Wrong
1525,Eighty percent of all men in the world were in the labor force in 2019. What was the number for women?,en-US,52%,Correct,52%,62%,Wrong,72%,Very Wrong
3,"In low-income countries across the world in 2022, what share of girls went to school until at least age 11?",en-US,Around 20%,Very Wrong,Around 60%,Around 40%,Wrong,Around 60%,Correct
35,How many university students worldwide get their degree in their home country (as opposed to abroad)?,en-US,Around 77%,Very Wrong,Around 97%,Around 87%,Wrong,Around 97%,Correct
36,"Of all primary school teachers in low-income countries, how many are trained?",en-US,30%,Very Wrong,70%,50%,Wrong,70%,Correct
39,How many child refugees attended primary school in 2021?,en-US,Less than 20%,Very Wrong,More than 60%,Around 40%,Wrong,More than 60%,Correct
38,"Across the world, how many children go to some form of preschool the year before they start school?",en-US,Around 20%,Very Wrong,Around 60%,Around 40%,Wrong,Around 60%,Correct
1510,"Of all children aged 6 to 11 in the world, how many go to school?",en-US,Less than 25%,Very Wrong,More than 85%,Around 60%,Wrong,More than 85%,Correct
1575,"Of all children in the world who are of primary school age but don't go to school, how many are girls?",en-US,Around 55%,Correct,Around 55%,Around 65%,Wrong,Around 75%,Very Wrong
1579,"Globally, how many primary school teachers are not trained for the job?",en-US,Around 15%,Correct,Around 15%,Around 35%,Wrong,Around 55%,Very Wrong
1561,"In 1950, roughly 50% of all adults had at least some basic education. What is the share today?",en-US,Around 40%,Very Wrong,Around 80%,Around 60%,Wrong,Around 80%,Correct
1612,How many primary schools in Sub-Saharan Africa have some access to electricity?,en-US,Around 10%,Very Wrong,Around 30%,Around 20%,Wrong,Around 30%,Correct
1711,What share of university teachers in the world are women?,en-US,Around 20%,Very Wrong,Around 40%,Around 30%,Wrong,Around 40%,Correct
1509,How many adults in the world say they can read?,en-US,Less than 40%,Very Wrong,More than 80%,Around 60%,Wrong,More than 80%,Correct
1755,"Of all girls aged 6 to 11 in the world, how many go to school?",en-US,Less than 25%,Very Wrong,Around 85%,Around 60%,Wrong,Around 85%,Correct
33,How many of the world's 1-year-old children were vaccinated against some disease in 2022?,en-US,Less than 25%,Very Wrong,More than 85%,Around 55%,Wrong,More than 85%,Correct
34,"Worldwide, there are around 38 million people living with HIV. How many of them got anti-HIV drugs in 2021?",en-US,Less than 15%,Very Wrong,More than 50%,Roughly 30%,Wrong,More than 50%,Correct
1517,Child deaths in Africa today are at the same levels as in Europe in:,en-US,1850,Very Wrong,1950,1900,Wrong,1950,Correct
1573,In what share of all schools in the world do children have soap and water to wash their hands with?,en-US,Around 25%,Very Wrong,Around 55%,Around 55%,Correct,Around 85%,Wrong
120,How many cases of smallpox are expected in the world this year?,en-US,Zero cases,Correct,Zero cases,One hundred thousand cases,Wrong,One million cases,Very Wrong
119,"In 1990, more than 4 million people died from indoor pollution. What has happened to the number who die each year since?",en-US,It decreased more than 30%,Correct,It decreased more than 30%,It stayed about the same,Wrong,It increased more than 30%,Very Wrong
95,"In 1990, around 9% of children worldwide died before age five. What is the number today?",en-US,Around 4%,Correct,Around 4%,Around 9%,Wrong,Around 14%,Very Wrong
96,What happened to the number of new tuberculosis cases worldwide between 2000 and 2017?,en-US,Increased 20%,Very Wrong,Decreased 20%,Stayed about the same,Wrong,Decreased 20%,Correct
94,"The average length of life worldwide is roughly 72, today. What was the global life expectancy a hundred years ago?",en-US,37 years,Correct,37 years,47 years,Wrong,57 years,Very Wrong
1605,How many children in Europe (including Russia and Türkiye) receive the full two doses of the measles vaccine?,en-US,Around 30%,Very Wrong,Around 90%,Around 60%,Wrong,Around 90%,Correct
1548,How many children aged under 5 in Sub-Saharan Africa sleep under a bed net to prevent malaria?,en-US,Around 25%,Very Wrong,Around 50%,Around 35%,Wrong,Around 50%,Correct
113,"What share of the world’s population today live in countries where life expectancy is shorter than 50 years (in 1960, it was around 55%)?",en-US,Less than 1%,Correct,Less than 1%,Around 30%,Wrong,Around 60%,Very Wrong
1641,What is the average life expectancy in Sub-Saharan Africa?,en-US,Around 40 years,Very Wrong,Around 60 years,Around 50 years,Wrong,Around 60 years,Correct
1655,"Worldwide, what share of all deaths are directly caused by illegal drug use?",en-US,Less than 1%,Correct,Less than 1%,Around 10%,Wrong,More than 20%,Very Wrong
1656,"Of all pregnant women in the world, how many give birth without first being examined by an educated midwife, nurse or doctor?",en-US,Around 15%,Correct,Around 15%,Around 35%,Wrong,Around 55%,Very Wrong
1683,What share of all road fatalities globally occur in low- and middle-income countries?,en-US,Around 50%,Very Wrong,Around 90%,Around 70%,Wrong,Around 90%,Correct
1560,How many babies in the world are born in health facilities?,en-US,Around 40%,Very Wrong,Around 80%,Around 60%,Wrong,Around 80%,Correct
1688,What share of adults worldwide used drugs in 2020 (other than alcohol or medicine)?,en-US,Around 5%,Correct,Around 5%,Around 25%,Wrong,Around 50%,Very Wrong
1570,Which of these risk factors leads to more deaths?,en-US,Dirty water,Very Wrong,Polluted air,Polluted air,Correct,Contaminated food,Wrong
1703,How many countries (out of 194) participate in some of the World Health Organization’s programmes for child vaccination?,en-US,64,Very Wrong,194,114,Wrong,194,Correct
1642,"When UNICEF bought child vaccines in 2018, what price did they pay on average, compared to the price paid by high-income countries like Germany and USA?",en-US,More than twice the price,Very Wrong,Less than 20% of the price,Roughly half the price,Wrong,Less than 20% of the price,Correct
1757,"In 1900, around 40% of children worldwide died before they reached age 5. What is that number today?",en-US,Around 4%,Correct,Around 4%,Around 14%,Wrong,Around 24%,Very Wrong
30,The low-income countries of today had a life expectancy of 44 years back in 1970. What is it now?,en-US,40 years,Very Wrong,60 years,50 years,Wrong,60 years,Correct
50,How many people in the world have some access to electricity?,en-US,Around 30%,Very Wrong,Around 90%,Around 60%,Wrong,Around 90%,Correct
1632,"Globally, what share of deaths is caused by overweight and obesity?",en-US,Less than 10%,Correct,Less than 10%,Around 25%,Wrong,Around 40%,Very Wrong
1513,"Between 2005 and 2020, $57 billion was spent on food aid for poor countries. How much was spent researching new crops that could yield more food or survive extreme weather?",en-US,$9 billion,Correct,$9 billion,$39 billion,Wrong,$69 billion,Very Wrong
1604,How many children in Europe (including Russia and Türkiye) are obese today?,en-US,Around 10%,Correct,Around 10%,Around 25%,Wrong,Around 40%,Very Wrong
1511,How much of the food eaten by people in Africa is produced in Africa?,en-US,Less than 20%,Very Wrong,More than 80%,Around 50%,Wrong,More than 80%,Correct
27,How many countries worldwide have holdings of plant genetic materials conserved in genebanks?,en-US,Less than 10,Very Wrong,Around 100,Around 50,Wrong,Around 100,Correct
29,"In 1995, all countries together spent 4,600 million US dollars on agriculture export subsidies. How much was spent in 2019?",en-US,100 million USD,Correct,100 million USD,"1,000 million USD",Wrong,"10,000 million USD",Very Wrong
26,"Worldwide, how many children under age 5 are overweight?",en-US,6%,Correct,6%,26%,Wrong,46%,Very Wrong
28,Which of the following regions has the largest share of children under 5 who are dangerously underweight?,en-US,North Africa & Middle East,Very Wrong,South Asia,South Asia,Correct,Sub-Saharan Africa,Wrong
25,"For every 100kg of food produced in the world, how much is transported to a different country?",en-US,17kg,Correct,17kg,37kg,Wrong,57kg,Very Wrong
118,"In the last 20 years, the proportion of people living in extreme poverty has...",en-US,More than halved,Correct,More than halved,Remained more or less the same,Wrong,Almost doubled,Very Wrong
1686,"Governments sometimes sell land to foreign companies. Since 2009, the total reported number of hectares sold annually worldwide has:",en-US,Dropped to less than half,Correct,Dropped to less than half,Stayed about the same,Wrong,Doubled,Very Wrong
1725,"Globally, a person with less than $2.15 a day is said to be living in extreme poverty. In the 40 richest countries, the national poverty lines are roughly:",en-US,$5 a day,Very Wrong,$20 a day,$10 a day,Wrong,$20 a day,Correct
1556,"Worldwide, how many people living in rural areas have some access to electricity?",en-US,Less than 30%,Very Wrong,More than 70%,About 50%,Wrong,More than 70%,Correct
1640,"Globally, an income of less than $2 a day is considered extreme poverty. In the Nordics (Sweden, Norway, Denmark, Finland, Iceland) national poverty lines are roughly:",en-US,$10 a day,Very Wrong,$30 a day,$20 a day,Wrong,$30 a day,Correct
1528,"How many people worldwide have their basic needs met when it comes to food, water, toilets, electricity, schooling and healthcare?",en-US,Around 25%,Very Wrong,Around 85%,Around 55%,Wrong,Around 85%,Correct
1530,"Of all people in the world living in extreme poverty, with less than $2 a day, how many live in middle-income countries?",en-US,Around 15%,Very Wrong,Around 60%,Around 30%,Wrong,Around 60%,Correct
4,What share of the population in high-income countries (like Germany and the USA) live in extreme poverty (with less than $2/day)?,en-US,Less than 1%,Correct,Less than 1%,Around 11%,Wrong,Around 21%,Very Wrong
24,How many people in the world cook using stoves that don't produce smoke?,en-US,Around 20%,Very Wrong,Around 70%,Around 45%,Wrong,Around 70%,Correct
23,"Of all people aged 65 or older in high-income countries, how many live below the poverty line?",en-US,14%,Correct,14%,29%,Wrong,44%,Very Wrong
22,How many countries (of 195) have some form of social security benefits for people with disabilities?,en-US,46,Very Wrong,186,116,Wrong,186,Correct
1611,What share of the world's population lives in middle-income countries today?,en-US,Around 25%,Very Wrong,Around 75%,Around 50%,Wrong,Around 75%,Correct
1504,What share of the world’s population lives in countries where women on average have less than 3 babies?,en-US,40%,Very Wrong,80%,60%,Wrong,80%,Correct
1762,The UN’s scenarios for stopping global warming rely on technologies to capture and store carbon from the atmosphere. How many of these technologies are already affordable and used today?,en-US,Less than 1%,Correct,Less than 1%,Around 15%,Wrong,Around 30%,Very Wrong
1650,In how many countries is the highest political leader a woman?,en-US,Around 4,Very Wrong,Around 19,Around 12,Wrong,Around 19,Correct
104,Which group of countries sent the most troops on UN peacekeeping missions during the past 5 years?,en-US,"Germany, Sweden, Netherlands, Ireland",Wrong,"Ethiopia, Rwanda, Bangladesh, India, Nepal","Ethiopia, Rwanda, Bangladesh, India, Nepal",Correct,"France, USA, Japan, S Korea, Switzerland, UK",Very Wrong
85,"What happens to the average global temperature if we halve the annual net emissions of CO2, today?",en-US,It decreases,Very Wrong,It keeps increasing,It stays the same,Wrong,It keeps increasing,Correct
58,What happened to the total amount of raw materials used across the world annually since 2000?,en-US,Stayed about the same,Very Wrong,Increased about 70%,Increased about 35%,Wrong,Increased about 70%,Correct
59,During the past 40 years the amount of oil and natural gas remaining in known reserves:,en-US,Reduced to less than half,Very Wrong,More than doubled,Remained about the same,Wrong,More than doubled,Correct
1691,"Of all energy used in the world, what share is electricity?",en-US,Around 20%,Correct,Around 20%,Around 50%,Wrong,Around 80%,Very Wrong
10,How many companies in the world have a woman as top manager or CEO?,en-US,Around 2%,Very Wrong,Around 18%,Around 10%,Wrong,Around 18%,Correct
1633,"70% of Europeans said they were planning to switch to a more environmentally friendly energy provider to fight climate change, in 2020. What was this number in China?",en-US,34%,Very Wrong,94%,64%,Wrong,94%,Correct
47,"Of all the freshwater used in the world, how much goes to agriculture?",en-US,Around 30%,Very Wrong,Around 70%,Around 50%,Wrong,Around 70%,Correct
46,"Worldwide, how many people have no toilet of any kind, and instead have to use bushes, fields or streets?",en-US,Roughly 10%,Correct,Roughly 10%,Roughly 30%,Wrong,Roughly 50%,Very Wrong
45,"Worldwide, how many people living in rural areas use surface water (such as lakes, rivers and streams) as their drinking water?",en-US,Less than 10%,Correct,Less than 10%,Around 30%,Wrong,More than 60%,Very Wrong
1626,How many people in the world have to make a round trip of more than 30 minutes to collect drinking water?,en-US,Around 10%,Correct,Around 10%,Around 25%,Wrong,Around 50%,Very Wrong
1689,"Of all energy used in the world in 2000, around 86% came from burning fossil fuels (oil, coal and gas). What is the number today?",en-US,Around 52%,Very Wrong,Around 82%,Around 64%,Wrong,Around 82%,Correct
1726,"Between 2001 and today, how many countries progressed from low-income to middle-income status?",en-US,Fewer than 5,Very Wrong,More than 30,Around 15,Wrong,More than 30,Correct
1646,"How much of all the money earned in low-income countries comes from agriculture, forestry and fishing?",en-US,Around 25%,Correct,Around 25%,Around 50%,Wrong,Around 75%,Very Wrong
62,What share of all workers worldwide are employed in the manufacturing sector?,en-US,Around 15%,Correct,Around 15%,Around 35%,Wrong,Around 55%,Very Wrong
1717,"Countries with incomes like India, Morocco and Bolivia, emit how much CO2 per person, compared to high-income countries?",en-US,80% less,Correct,80% less,40% less,Wrong,20% more,Very Wrong
1676,"In 2022, the UN spent around $6.4 billion to help refugees worldwide. How much did Western European governments spend to help refugees within West Europe?",en-US,Less than $3 billion,Very Wrong,More than $20 billion,Around $5 billion,Wrong,More than $20 billion,Correct
1589,"In 1990, 39% of the global labour force was female. What is this value today?",en-US,39%,Correct,39%,42%,Wrong,46%,Very Wrong
12,What share of the world’s population don't have enough food to meet their daily needs?,en-US,Around 11%,Correct,Around 11%,Around 23%,Wrong,Around 37%,Very Wrong
1616,How much of the economy of low-income countries comes from money transferred from citizens living abroad?,en-US,Roughly 6%,Correct,Roughly 6%,Roughly 26%,Wrong,Roughly 46%,Very Wrong
1754,"What is the official method for updating the list of countries called ""Developing countries""?",en-US,GDP per capita threshold,Wrong,There is no procedure,There is no procedure,Correct,Voting at the UN General Assembly,Very Wrong
1727,"Of all money earned in the world, how much comes from work in industry, manufacturing and construction?",en-US,28%,Correct,28%,38%,Wrong,53%,Very Wrong
1761,"Every year, energy from the sun (light and heat) reaches the earth. Compared to that energy, how much energy leaves the Earth out into space every year?",en-US,30% less than what comes in,Wrong,0.3% less than what comes in,0.3% less than what comes in,Correct,30% more than what comes in,Very Wrong
1760,How much raw material does each person in high-income countries use every year compared to those in middle-income countries?,en-US,60% less,Very Wrong,60% more,About the same,Wrong,60% more,Correct
1759,"Since 1850, what share of all carbon emissions have come from Europe and North America?",en-US,Around 50%,Correct,Around 50%,Around 75%,Wrong,Around 90%,Very Wrong
1758,"Of all money earned in the world, how much comes from services, such as administration, banking, care, teaching, transport and entertainment?",en-US,Around 30%,Very Wrong,More than 60%,Around 50%,Wrong,More than 60%,Correct
93,"How many countries have ratified the Law of the Sea, a UN convention introduced in 1982? (There are 195 countries.)",en-US,49 countries,Very Wrong,169 countries,109 countries,Wrong,169 countries,Correct
1498,"For all vertebrate species (animals with skeletons), how much did their wild populations decline on average during the past 50 years?",en-US,Around 10% decline,Very Wrong,Around 70% decline,Around 40% decline,Wrong,Around 70% decline,Correct
1521,"When biologists started counting fish in the oceans in 1950, around 1% of existing fish stocks were overexploited. By 2019 this share was...",en-US,...around 5%,Very Wrong,...more than 35%,...around 20%,Wrong,...more than 35%,Correct
1756,"The people in high income-income countries emit how much CO2 per person, on average, compared to the poorest 50% of the world population?",en-US,About the same,Very Wrong,Five times more,20% more,Wrong,Five times more,Correct
42,"Up to 1990, 18 countries in the world had been led by a female head of state or government. What is that number today?",en-US,37,Very Wrong,87,57,Wrong,87,Correct
1753,In how many countries was slavery still legal in 1950? (Meaning there was no law or constitution banning the ownership of another person.),en-US,58,Very Wrong,138,98,Wrong,138,Correct
92,"Since 2016, what has happened to the share of marine protected areas in national waters worldwide?",en-US,Decreased by about 75%,Very Wrong,Increased by about 75%,Stayed about the same,Wrong,Increased by about 75%,Correct
1722,"Since agreements were made in 1987 to limit ozone-depleting substances, how many have been phased out?",en-US,Less than 40%,Very Wrong,More than 95%,Around 70%,Wrong,More than 95%,Correct
106,How many people in the world feel safe walking alone at night where they live?,en-US,Less than 30%,Very Wrong,More than 60%,Around 45%,Wrong,More than 60%,Correct
97,What group of animals has the highest share of threatened species?,en-US,Birds,Wrong,Amphibians,Mammals,Very Wrong,Amphibians,Correct
103,How many people in the world say they have confidence in their local police?,en-US,Less than 15%,Very Wrong,More than 50%,Around 25%,Wrong,More than 50%,Correct
1677,"In 1990, people and governments gave $1.3 billion to UNHCR to help refugees across the world. How much was given in 2022? (UNHCR is the United Nations Refugee Agency. The amounts are adjusted for inflation.)",en-US,Slightly less,Very Wrong,5 times more,2 times more,Wrong,5 times more,Correct
1678,"In 2022, many Western European governments spent more than $20 per person per day, to help newly arrived refugees.
How much did the United Nations spend per refugee per day on average, in the rest of the world?",en-US,Around $1,Correct,Around $1,Around $25,Wrong,Around $45,Very Wrong
1502,"The United Nations’ Sustainable Development Goals have a total of 169 targets. How many of them mention the words ""democracy"" or ""democratic""?",en-US,0 targets,Correct,0 targets,14 targets,Wrong,34 targets,Very Wrong
1499,"In the 1950s, 50% of all wars occurred between countries that are recognized as sovereign states by the UN. What is that number today?",en-US,Around 5%,Correct,Around 5%,Around 25%,Wrong,Around 55%,Very Wrong
6,How many people in the world have access to safe drinking water within 30 minutes of their home?,en-US,Around 50%,Very Wrong,Around 90%,Around 70%,Wrong,Around 90%,Correct
1500,"Across the world, women do more unpaid care and domestic work than men. How much more?",en-US,50% more,Very Wrong,Around three times more,Around twice as much,Wrong,Around three times more,Correct
37,"Worldwide, how many children under age 15 do not achieve the required minimum skills in reading and math?",en-US,Around 10%,Very Wrong,Around 50%,Around 30%,Wrong,Around 50%,Correct
1750,"In 2000, around 50% of the world's population didn't have modern stoves. Instead they cooked food by burning wood, charcoal or dung. What is the share today?",en-US,Around 30%,Correct,Around 30%,Around 40%,Wrong,Around 50%,Very Wrong
1747,"Of all greenhouse gases emitted in the world in 2004, around 1% required some kind of carbon tax or fee to be paid. What was the number in 2022?",en-US,Around 3%,Very Wrong,Around 23%,Around 13%,Wrong,Around 23%,Correct
1749,"If we stopped all carbon emissions (CO2) today, roughly how long would it take before the CO2 concentration in the atmosphere is back to the levels back in 1750?",en-US,Less than 100 years,Very Wrong,More than 1000 years,About 500 years,Wrong,More than 1000 years,Correct
1748,How many girls are married by the age of 15 in Sub-Saharan Africa?,en-US,Around 10%,Correct,Around 10%,Around 30%,Wrong,Around 50%,Very Wrong
80,"Since 1990, roughly 2 million people were made temporarily homeless in Europe due to natural disasters. The number for Asia during the same period was...",en-US,Roughly the same,Very Wrong,50 times more,5 times more,Wrong,50 times more,Correct
1653,"Worldwide, how many workers have informal jobs that are not registered with the government (and are not in agriculture)?",en-US,Around 20%,Very Wrong,Around 60%,Around 40%,Wrong,Around 60%,Correct
1594,"At the end of 2022, the world population was roughly 8 billion people. How many were international refugees, asylum seekers or displaced abroad by humanitarian crises?",en-US,46 million (0.6%),Correct,46 million (0.6%),480 million (6%),Wrong,720 million (9%),Very Wrong
1681,What is the average income of small family farms in low-income countries?,en-US,About $1.50 a day,Correct,About $1.50 a day,About $5 a day,Wrong,About $10 a day,Very Wrong
82,How many of the world’s 250 richest companies describe climate change as a risk in their annual reports?,en-US,About 10%,Very Wrong,About 60%,About 30%,Wrong,About 60%,Correct
41,"Worldwide, which of these contraceptive methods is the most used by women?",en-US,Pill,Very Wrong,Sterilization,Sterilization,Correct,Intrauterine Device (IUD),Wrong
109,"In 2000, low- and middle-income countries on average spent almost 6% of their annual income on their loans. What was this number in 2020?",en-US,Around 4%,Correct,Around 4%,Around 8%,Wrong,Around 12%,Very Wrong
110,"Of all education costs in the world, how much is paid by governments?",en-US,Around 40%,Very Wrong,Around 80%,Around 60%,Wrong,Around 80%,Correct
111,"Of all financial aid received by the least developed countries, how much comes from charity and philanthropy?",en-US,Around 5%,Correct,Around 5%,Around 25%,Wrong,Around 50%,Very Wrong
112,What share of the least developed countries in the world have foreign investment promotion agencies?,en-US,20%,Very Wrong,80%,50%,Wrong,80%,Correct
5,How much of the excess heat from global warming is captured in the oceans?,en-US,Around 9%,Very Wrong,Around 89%,Around 49%,Wrong,Around 89%,Correct
53,"Globally, around 160 million children are used for child labor. In what sector do the majority of them work?",en-US,Industry,Very Wrong,Agriculture,Agriculture,Correct,Services,Wrong
55,"Compared to 1980, the cost of energy from solar panels today is roughly:",en-US,1% of the 1980 cost,Correct,1% of the 1980 cost,21% of the 1980 cost,Wrong,41% of the 1980 cost,Very Wrong
65,Which of these countries hosts the largest share of refugees in relation to its population?,en-US,Germany,Wrong,Lebanon,Lebanon,Correct,Sweden,Very Wrong
66,What share of all migrants in the world are refugees?,en-US,Around 15%,Correct,Around 15%,Around 25%,Wrong,Around 35%,Very Wrong
69,"Of all refugees worldwide, in December 2022, what share had been in exile for more than four years?",en-US,Less than 30%,Very Wrong,More than 60%,Around 45%,Wrong,More than 60%,Correct
70,"When counting the number of refugees in the world, the number includes people who have...",en-US,Fled to a different country,Correct,Fled to a different country,Fled to another part of their country,Very Wrong,Both of the above,Wrong
108,"In high-income countries during the past 40 years, what happened to the top marginal income taxes that apply to the richest 0.1% of the population?",en-US,They were cut by one third,Correct,They were cut by one third,They stayed roughly the same,Wrong,They increased by one third,Very Wrong
107,"In 2000, 21% of all countries told the UN they had an independent human rights institution. What is the share today?",en-US,23% of countries,Very Wrong,62% of countries,41% of countries,Wrong,62% of countries,Correct
105,What share of the members of the United Nations General Assembly are low- and middle-income countries?,en-US,Around 20%,Very Wrong,Around 70%,Around 45%,Wrong,Around 70%,Correct
102,What happened to the number of pirate attacks on boats worldwide in the last 10 years?,en-US,It doubled,Very Wrong,It halved,It didn’t change much,Wrong,It halved,Correct
101,"Of all the area that was tropical rainforest 100 years ago worldwide, how much is still tropical rainforest today?",en-US,Less than 10%,Very Wrong,More than 30%,Around 20%,Wrong,More than 30%,Correct
100,What happened to the global forest area in the last 30 years?,en-US,Decreased around 50%,Very Wrong,Decreased around 10%,Decreased around 30%,Wrong,Decreased around 10%,Correct
60,How many people in the world have a mobile phone subscription?,en-US,Close to 70%,Correct,Close to 70%,Close to 80%,Wrong,Close to 90%,Very Wrong
1730,"In high-income countries in 2021, the poorer half of the population emitted roughly 5 tonnes of CO2 per person from burning fossil fuels. How much was emitted per person, by the richest 10%?",en-US,Half as much,Very Wrong,Eight times more,Twice as much,Wrong,Eight times more,Correct
13,What share of the world’s population lives in megacities (cities with at least 10 million people)?,en-US,Around 8%,Correct,Around 8%,Around 28%,Wrong,Around 48%,Very Wrong
1731,"In 2022, how much of the increased electricity production in the world came from renewable sources?",en-US,Around 10%,Very Wrong,Around 85%,Around 45%,Wrong,Around 85%,Correct
1737,How many people in high-income countries see climate change as a threat to their country over the next 20 years?,en-US,Around 20%,Very Wrong,Around 80%,Around 50%,Wrong,Around 80%,Correct
1497,What share of all fish caught for food across the world comes from fish farming?,en-US,Roughly 10%,Very Wrong,Roughly 55%,Roughly 35%,Wrong,Roughly 55%,Correct
1512,"Globally, what has happened to the size of the land area used for agriculture over the last 50 years?",en-US,Increased by 50%,Wrong,Stayed about the same,Stayed about the same,Correct,Decreased by 50%,Very Wrong
1520,What happened to the total volume of fish caught in the wild every year during the past 20 years?,en-US,It decreased by roughly 30%,Wrong,It stayed about the same,It stayed about the same,Correct,It increased by roughly 30%,Very Wrong
1529,"Worldwide, what happened to the size of the land areas declared as protected in the last 30 years?",en-US,Decreased by 58%,Very Wrong,Increased by 8%,Decreased by 8%,Wrong,Increased by 8%,Correct
1581,"In 2021, cargo ships worldwide carried 11 billion tons. What share of the cargo was oil, petroleum products, gas and chemicals?",en-US,Around 30%,Correct,Around 30%,Around 40%,Wrong,Around 50%,Very Wrong
1583,How many species of animals and plants are confirmed by biologists to have gone extinct in the last 200 years?,en-US,Around 600,Correct,Around 600,"Around 60,000",Wrong,"Around 600,000",Very Wrong
1596,How much of the oxygen that the Amazon forest produces do we humans breathe?,en-US,Less than 1%,Correct,Less than 1%,30%,Wrong,60%,Very Wrong
1597,"Of all oxygen produced in a year, how much comes from trees?",en-US,Around 25%,Correct,Around 25%,Around 55%,Wrong,Around 85%,Very Wrong
1598,"Of all the known species of birds worldwide, how many are endangered or threatened?",en-US,Around 15%,Correct,Around 15%,Around 35%,Wrong,Around 55%,Very Wrong
1625,"In 2020, the manufacturing sector contributed how much to the world's economy?",en-US,Around 15%,Correct,Around 15%,Around 30%,Wrong,Around 45%,Very Wrong
1637,"What share of all energy used in the world comes from the modern renewable sources (solar, wind, hydro and modern biofuels)?",en-US,Less than 10%,Correct,Less than 10%,Around 20%,Wrong,Around 35%,Very Wrong
1638,"Of the total cost of electricity worldwide, how much is the transfer from the power station to the user, on average?",en-US,Less than 1%,Very Wrong,Around 30%,Around 15%,Wrong,Around 30%,Correct
1647,"What share of the total area burned by wildfires globally was in Africa, between 2001 and 2018?",en-US,Around 10%,Very Wrong,Around 70%,Around 40%,Wrong,Around 70%,Correct
1672,"In 1990, around 60% of all electricity worldwide was produced using fossil fuels. What is that number today?",en-US,Around 40%,Very Wrong,Around 60%,Around 50%,Wrong,Around 60%,Correct
54,"Of all renewable energy used in the world today, what share comes from traditional burning of biomass like charcoal, wood and agricultural waste?",en-US,Around 10%,Very Wrong,Around 40%,Around 25%,Wrong,Around 40%,Correct
89,What happened to the annual number of oil spills from tankers worldwide since the 1970s?,en-US,Decreased tenfold,Correct,Decreased tenfold,Stayed about the same,Wrong,Increased tenfold,Very Wrong
90,"Oil and gas were the marine sectors that made the most money in 2010. If trends continue as before, which sector will it be in 2030?",en-US,Oil and gas,Wrong,Tourism,Tourism,Correct,Wave energy,Very Wrong
91,"Globally, people eat an average of 6kg of beef and veal a year. How much fish is consumed on average per person?",en-US,Around 3kg,Very Wrong,Around 10kg,Around 6kg,Wrong,Around 10kg,Correct
98,"When counting the total body weight of all mammals in the world, roughly how much comes from wild mammals?",en-US,Around 5%,Correct,Around 5%,Around 25%,Wrong,Around 50%,Very Wrong
99,What share of all agricultural land worldwide is used for feeding animals?,en-US,Roughly 25%,Very Wrong,Roughly 80%,Roughly 50%,Wrong,Roughly 80%,Correct
44,"Of 195 countries, how many have signed the UN Convention on the Elimination of All Forms of Discrimination against Women?",en-US,50,Very Wrong,190,120,Wrong,190,Correct
1574,In how many countries (out of 195) do married men and women NOT have equal legal rights to own land or houses?,en-US,Around 20,Correct,Around 20,Around 80,Wrong,Around 140,Very Wrong
1652,How many countries have laws which say that men and women should be paid the same amount for doing work of equal value?,en-US,Around 10%,Very Wrong,Around 40%,Around 25%,Wrong,Around 40%,Correct
1719,What share of all countries have some kind of law to protect women against domestic violence?,en-US,Around 25%,Very Wrong,Around 75%,Around 50%,Wrong,Around 75%,Correct
1610,"Across the world, what share of international migrants are women and girls?",en-US,Roughly 18%,Very Wrong,Roughly 48%,Roughly 33%,Wrong,Roughly 48%,Correct
1524,"In 2022, how much fossil fuels (oil, coal and natural gas) were used in the world, compared to the year 2000?",en-US,95% (some less),Very Wrong,145% (much more),120% (some more),Wrong,145% (much more),Correct
51,"In 1950, 0% of all energy consumption came from nuclear energy. What is that number today?",en-US,Around 5%,Correct,Around 5%,Around 25%,Wrong,Around 45%,Very Wrong
61,Ports in high-income countries handled around 350 million containers in 2020. What was that number for low- and middle-income countries?,en-US,Less than 200 million,Very Wrong,More than 400 million,Around 300 million,Wrong,More than 400 million,Correct
78,"In 2020, there were around 68 cities in Africa with more than 1 million inhabitants. How many cities of this size will there be in Africa in 2030, according to UN experts?",en-US,Fewer than 60,Very Wrong,More than 90,Around 70,Wrong,More than 90,Correct
18,"How much of the world's economy comes from agriculture, forestry and fishing?",en-US,Around 5%,Correct,Around 5%,Around 25%,Wrong,Around 45%,Very Wrong
79,Megacities are cities with more than 10 million inhabitants. What share of the world's population is expected to live in megacities in 2030?,en-US,Around 9%,Correct,Around 9%,Around 39%,Wrong,Around 69%,Very Wrong
52,"In 1990, 19% of people aged 65 and older in the world still worked. What is the share expected to be in 2030?",en-US,Around 21%,Correct,Around 21%,Around 41%,Wrong,Around 61%,Very Wrong
56,"Today, 65% of the world’s population are of working age (15-64 years old). What do UN experts think this number will be in 2100?",en-US,50%,Wrong,60%,60%,Correct,70%,Very Wrong
1728,"If we stopped emitting greenhouse gases today, for how long would the sea level continue to rise?",en-US,About 10 years,Very Wrong,"Over 1,000 years",About 100 years,Wrong,"Over 1,000 years",Correct
1715,What is it all greenhouse gases do?,en-US,Pollute air,Very Wrong,Absorb heat,Absorb heat,Correct,Reflect light and heat,Wrong
1693,"To avoid global warming of more than 1.5°​C, the world must use a limited amount of fossil fuels until 2030. If recent trends continue we will exceed that limit. By how much?",en-US,40% too much,Very Wrong,120% too much,80% too much,Wrong,120% too much,Correct
1649,When did scientists first start to realize that human activities have the power to influence the climate?,en-US,Around 1900,Correct,Around 1900,Around 1950,Wrong,Around 1980,Very Wrong
1639,Which of these gases is NOT a greenhouse gas?,en-US,Water vapor,Wrong,Nitrogen gas,Nitrogen gas,Correct,Ozone,Very Wrong
1634,"70% of Europeans said they were planning to switch to a more environmentally friendly energy provider to fight climate change, in 2020. What was this number in the US?",en-US,24%,Very Wrong,64%,44%,Wrong,64%,Correct
1623,"Currently, the average temperature on Earth is 15C. What would the average temperature on Earth be without greenhouse gases?",en-US,-18C,Correct,-18C,+6C,Wrong,+21C,Very Wrong
1592,"Globally, how much has the average sea level been rising per year over the past 100 years?",en-US,2mm per year (0.08 inches),Correct,2mm per year (0.08 inches),20mm per year (0.8 inches),Wrong,200mm per year (8 inches),Very Wrong
1590,How does water vapor contribute to the greenhouse effect (which keeps the earth’s atmosphere warm)?,en-US,Water vapor does not contribute,Wrong,Water vapor contributes significantly,Water vapor contributes significantly,Correct,Water vapor is not a greenhouse gas,Very Wrong
86,How many of the 195 countries recognized by the UN have adopted the Paris Agreement on climate change and the environment?,en-US,92,Very Wrong,192,142,Wrong,192,Correct
7,How many people in the world live in areas that are 5 meters or less above sea level?,en-US,Around 11%,Correct,Around 11%,Around 31%,Wrong,Around 51%,Very Wrong
1636,"Compared to the year before, how much less carbon dioxide was emitted worldwide during 2020 because of the Coronavirus Pandemic?",en-US,Around 5% less,Correct,Around 5% less,Around 20% less,Wrong,Around 40% less,Very Wrong
1645,"Around 25% of the economies of high-income countries come from the industry sector (including manufacturing and construction), on average. How much is this in low-income countries?",en-US,Around 25%,Correct,Around 25%,Around 45%,Wrong,Around 65%,Very Wrong
1643,How many people in low-income countries have access to some form of bank account?,en-US,Around 15%,Very Wrong,Around 40%,Around 25%,Wrong,Around 40%,Correct
1620,What share of the total global economy comes from tourism?,en-US,Around 10%,Correct,Around 10%,Around 25%,Wrong,Around 40%,Very Wrong
1587,"How many young men in the world (aged 15-24) are not engaged in education, employment or training?",en-US,Around 15%,Correct,Around 15%,Around 25%,Wrong,Around 35%,Very Wrong
1580,"Of all children (5-17 years old) in the world, how many are exploited for child labor?",en-US,Around 10%,Correct,Around 10%,Around 30%,Wrong,Around 50%,Very Wrong
1578,"Worldwide, what share of young people (aged 15-24) that work are in informal employment?",en-US,Around 25%,Very Wrong,Around 75%,Around 50%,Wrong,Around 75%,Correct
1522,Since 1970 the average income in the 40 richest countries more than doubled. The average income in the other countries…?,en-US,Declined to half,Very Wrong,More than doubled,Stayed roughly the same,Wrong,More than doubled,Correct
57,What share of people above retirement age worldwide are entitled to a pension?,en-US,Around 25%,Very Wrong,Around 75%,Around 45%,Wrong,Around 75%,Correct
1724,"Of all the journalists in prison globally at the end of 2017, around 20% were in Russia, China, Iran, Myanmar and Belarus combined. What was this figure in 2022?",en-US,Around 23%,Very Wrong,Around 53%,Around 38%,Wrong,Around 53%,Correct
1708,"Since 2015, what has happened to the number of people dying due to terrorism?",en-US,35% decrease,Correct,35% decrease,About the same,Wrong,35% increase,Very Wrong
1702,"Worldwide, how many homicide victims are men?",en-US,Around 40%,Very Wrong,Around 80%,Around 60%,Wrong,Around 80%,Correct
1568,"Of all firearms in the world, what share is owned by civilians?",en-US,Roughly 25%,Very Wrong,Roughly 85%,Roughly 55%,Wrong,Roughly 85%,Correct
1618,"Between 2011 and 2022, how many times did the US and Russia share information with each other about their nuclear weapons?",en-US,Zero times,Very Wrong,25 thousand times,25 times,Wrong,25 thousand times,Correct
1635,"When the Open Skies Treaty (which allows members to conduct observation flights over each others' land) began in 2002, 34 countries were members. How many are there today?",en-US,32,Correct,32,42,Wrong,62,Very Wrong
1629,Roughly 35 countries every year experienced some sort of violent conflict during the past 5 years. What was the average number during the 1950s?,en-US,Around 15 countries,Correct,Around 15 countries,Around 30 countries,Wrong,Around 60 countries,Very Wrong
1621,The 15 countries where most people say they trust others are:,en-US,Low-income countries,Very Wrong,High-income countries,Middle-income countries,Wrong,High-income countries,Correct
1600,What share of all recorded homicides in the world are related to gangs and organized crime?,en-US,Around 20%,Correct,Around 20%,Around 40%,Wrong,Around 60%,Very Wrong
1599,"What share of the world's population is suspected, arrested or cautioned by the police or criminal justice systems each year?",en-US,Around 2%,Correct,Around 2%,Around 20%,Wrong,Around 40%,Very Wrong
1547,What share of all battle deaths in the past 10 years occurred in Africa?,en-US,Around 15%,Correct,Around 15%,Around 35%,Wrong,Around 55%,Very Wrong
1723,"Where do the majority of people who are forced to flee their homes due to conflict, persecution or disaster move to?",en-US,Neighboring countries,Wrong,Stay within their own country,Stay within their own country,Correct,High-income countries,Very Wrong
1675,"Of all Syrian refugees in Egypt, Lebanon, Jordan and Iraq in 2022, how many said they couldn't afford their basic needs, such as food, medicine and housing?",en-US,Around 30%,Very Wrong,Around 90%,Around 60%,Wrong,Around 90%,Correct
1674,"In Uganda, Bangladesh, Colombia, and Türkiye, there were a total of 0.4 million refugees and migrants from humanitarian crises in 2010. What was the number in 2022?",en-US,Around 1 million,Very Wrong,Around 9 million,Around 5 million,Wrong,Around 9 million,Correct
1673,"In 2000, around 20% of all refugees worldwide fled to a high-income country. What was the number in 2021 (right before the war in Ukraine)?",en-US,Around 20%,Correct,Around 20%,Around 30%,Wrong,Around 40%,Very Wrong
1670,"In 2022, around 10% of the world's population live in low-income countries. What share of the global refugee population live there?",en-US,Less than 20%,Correct,Less than 20%,Around 35%,Wrong,More than 50%,Very Wrong
1663,"Among university-educated refugees in the EU in 2019 who were employed, how many of them were overqualified for their jobs?",en-US,Around 20%,Very Wrong,Around 60%,Around 40%,Wrong,Around 60%,Correct
1662,"In 2018, what share of refugee-hosting countries allowed refugees the right to work?",en-US,Around 10%,Very Wrong,Around 50%,Around 30%,Wrong,Around 50%,Correct
1661,How many refugees currently live in the world's largest refugee camp?,en-US,"Around 9,000",Very Wrong,"Around 900,000","Around 90,000",Wrong,"Around 900,000",Correct
1690,What share of Europe's population are migrants?,en-US,Around 12%,Correct,Around 12%,Around 22%,Wrong,Around 32%,Very Wrong
75,"Since it was founded, the International Monetary Fund (IMF) has had 12 managing directors. How many of them were born in Europe?",en-US,4,Very Wrong,12,8,Wrong,12,Correct
74,What share of the members of the International Monetary Fund (IMF) are low- and middle-income countries?,en-US,Around 20%,Very Wrong,Around 70%,Around 45%,Wrong,Around 70%,Correct
73,"Of 195 countries, how many have promised to create laws against racism, in accordance with the UN Convention on the Elimination of All Forms of Racial Discrimination?",en-US,10 countries,Very Wrong,180 countries,80 countries,Wrong,180 countries,Correct
71,"In what part of the world is income inequality the smallest, when measuring how much the richest 10% earn of all income?",en-US,Middle East,Very Wrong,Europe,Europe,Correct,Sub-Saharan Africa,Wrong
17,What share of countries in the world have laws against sexual harassment at work?,en-US,Around 30%,Very Wrong,Around 70%,Around 50%,Wrong,Around 70%,Correct
1720,"Worldwide, how many people in rural areas have access to safe drinking water within 30 minutes of their home?",en-US,Less than 25%,Very Wrong,More than 75%,Around 50%,Wrong,More than 75%,Correct
1577,How many people in the world have soap and water to wash their hands at home?,en-US,Around 20%,Very Wrong,Around 70%,Around 40%,Wrong,Around 70%,Correct
1576,"Worldwide, how many people living in rural areas have a toilet that they don't have to share with other households?",en-US,Around 20%,Very Wrong,Around 60%,Around 40%,Wrong,Around 60%,Correct
48,"How many countries (out of 195) have at least one desalination plant, removing salt from salt water?",en-US,30,Very Wrong,180,100,Wrong,180,Correct
49,How many countries have rules requiring that local communities are included when planning and managing freshwater resources?,en-US,30%,Very Wrong,70%,50%,Wrong,70%,Correct
1562,What share of the world population uses toilets connected to sewers?,en-US,Around 40%,Correct,Around 40%,Around 55%,Wrong,Around 70%,Very Wrong
1553,"Of all men aged 25-29, about 90% are in the labor force (have a job or are seeking one). What’s the number for women?",en-US,Around 60%,Correct,Around 60%,Around 70%,Wrong,Around 80%,Very Wrong
1619,How many women are married before the age of 18 in Sub-Saharan Africa?,en-US,Around 30%,Correct,Around 30%,Around 50%,Wrong,Around 70%,Very Wrong
43,"In how many countries, out of 195, is marriage under age 18 legally possible?",en-US,19,Very Wrong,139,79,Wrong,139,Correct
40,"Worldwide, what share of seats in national parliaments are held by women today?",en-US,Around 5%,Very Wrong,Around 25%,Around 15%,Wrong,Around 25%,Correct
1654,It took 12 years for the world's population to grow from 6 to 7 billion people. How long did it take from 7 to 8 billion?,en-US,2 years,Very Wrong,12 years,7 years,Wrong,12 years,Correct
1627,"What share of all countries will have fewer people in 2050 than they have today, if current population trends continue?",en-US,5%,Very Wrong,25%,15%,Wrong,25%,Correct
1622,There are currently 8 billion people on Earth. How many people do UN experts think there will be in 2100?,en-US,Around 10.5 billion,Correct,Around 10.5 billion,Around 16.5 billion,Wrong,Around 22.5 billion,Very Wrong
1593,The total number of old people worldwide (age 65+) is expected to increase by 800 million by 2050. How much of the increase will happen in high-income countries?,en-US,15%,Correct,15%,35%,Wrong,55%,Very Wrong
1505,"According to the United Nations, the world population will increase by another 2.4 billion people by 2100. The main reason is that there will be more…",en-US,children (below age 15),Very Wrong,adults (age 15 to 74),adults (age 15 to 74),Correct,very old (above age 75),Wrong
1567,How many of the world’s 195 countries do UN experts expect to decrease in population size between now and 2050?,en-US,Around 10 countries,Very Wrong,Around 50 countries,Around 30 countries,Wrong,Around 50 countries,Correct
1631,"Thirty years ago, less than 25% of the world's population lived in middle-income countries. What is the share today?",en-US,Around 15%,Very Wrong,Around 75%,Around 45%,Wrong,Around 75%,Correct
1705,Charities and governments across the world give money to the least developed countries. When comparing the total amounts given…,en-US,Charities give 20 times more,Very Wrong,Governments give 20 times more,Governments give 20 times more,Correct,They give roughly the same,Wrong
1687,The US has 4% of the world's population. What share of votes does it have when the World Bank decides on development loans to poorer countries?,en-US,16%,Correct,16%,36%,Wrong,56%,Very Wrong
1651,Which free trade area includes the most countries?,en-US,North Atlantic Free Trade Agreement (NAFTA),Very Wrong,African Continental Free Trade Area,African Continental Free Trade Area,Correct,The European Union,Wrong
1624,"Compared to the total international aid from rich governments in 2022, how much money did migrants across the world transfer back home to their countries of origin?",en-US,Less than 10% of total aid,Very Wrong,More than 200% of total aid,Around 30% of total aid,Wrong,More than 200% of total aid,Correct
19,The governments of high-income countries get how much of their revenue from customs and import duties?,en-US,Around 2%,Correct,Around 2%,Around 12%,Wrong,Around 22%,Very Wrong
1648,What share of the members of the World Trade Organization are low- and middle-income countries?,en-US,Around 25%,Very Wrong,Around 65%,Around 45%,Wrong,Around 65%,Correct
1712,"Before countries signed the High Seas Treaty in March 2023, around 1% of international oceans were protected. What number does the new agreement aim to achieve?",en-US,Around 5%,Very Wrong,Around 30%,Around 15%,Wrong,Around 30%,Correct
1710,"What share of waste that is collected from households, businesses and streets is food and other green waste (e.g. grass cuttings)?",en-US,Around 45%,Correct,Around 45%,Around 55%,Wrong,Around 65%,Very Wrong
1669,"Out of 195 countries, how many have banned gasoline containing lead?",en-US,75 countries,Very Wrong,195 countries,135 countries,Wrong,195 countries,Correct
1660,How many of the world’s 250 richest companies have set targets to cut their carbon emissions?,en-US,About 20%,Very Wrong,About 80%,About 50%,Wrong,About 80%,Correct
1628,"Globally, what share of waste that is collected from households, businesses and streets ends up in managed landfills (not open dump sites)?",en-US,Around 35%,Correct,Around 35%,Around 70%,Wrong,Around 95%,Very Wrong
1586,"Compared to people in high-income countries, how much waste do people living in middle-income countries generate per person per day?",en-US,Double the amount of waste,Very Wrong,Half the amount of waste,About the same,Wrong,Half the amount of waste,Correct
1585,What share of the world’s waste is generated in North America?,en-US,Around 14%,Correct,Around 14%,Around 28%,Wrong,Around 42%,Very Wrong
84,"Of all waste collected from homes, businesses and schools worldwide, how much of the total weight is plastic?",en-US,Around 12%,Correct,Around 12%,Around 42%,Wrong,Around 72%,Very Wrong
83,"Globally, how much food is lost between being harvested and sold in stores?",en-US,Around 15%,Correct,Around 15%,Around 30%,Wrong,Around 45%,Very Wrong
81,How many years did it take between the discovery of ozone depleting substances and the signing of an international agreement to ban them?,en-US,14 years,Correct,14 years,24 years,Wrong,34 years,Very Wrong
16,"After water, which raw material is most used in the world in terms of volume?",en-US,Oil,Wrong,Sand,Sand,Correct,Wood,Very Wrong
1671,"In the next 30 years, UN experts expect the world’s urban population to grow to 6.7 billion people. What do they think will happen to the rural population in that period?",en-US,It will decrease around 10%,Correct,It will decrease around 10%,It will stay about the same,Wrong,It will increase around 10%,Very Wrong
1709,"When listing the ten most expensive cities to live in the world in 2022, how many were in Europe?",en-US,4,Correct,4,6,Wrong,9,Very Wrong
1707,"If current trends continue, in 2100 the biggest city in the world is expected to be in:",en-US,Asia,Wrong,Africa,Africa,Correct,America,Very Wrong
1582,How many megacities are there in the whole world (metropolitan areas with more than 10 million inhabitants)?,en-US,Around 12,Very Wrong,Around 35,Around 23,Wrong,Around 35,Correct
77,"How much of the world’s total land surface has some physical infrastructure built on it, like houses or roads (excluding farm land)?",en-US,Less than 5%,Correct,Less than 5%,Around 15%,Wrong,More than 25%,Very Wrong
1706,Electronics and pharmaceutical companies spend around 12% of their revenue on research and development. How much do energy and fuel producing companies spend?,en-US,Around 0.3%,Correct,Around 0.3%,Around 3%,Wrong,Around 30%,Very Wrong
9,"Of all energy used in the world, how much comes from natural gas, coal and oil?",en-US,Around 40%,Very Wrong,Around 80%,Around 60%,Wrong,Around 80%,Correct
1692,"Compared to 100 years ago, how affordable is electricity in the US today?",en-US,About the same,Very Wrong,200 times more affordable,10 times more affordable,Wrong,200 times more affordable,Correct
1685,"Globally, which region has the highest number of mobile money accounts?",en-US,East Asia and Pacific,Wrong,Sub-Saharan Africa,Sub-Saharan Africa,Correct,Europe and Central Asia,Very Wrong
1682,"Since 1970, what happened to the amount of energy consumed per person globally?",en-US,Stayed more or less the same,Wrong,It increased by around 50%,It increased by around 50%,Correct,It increased by around 250%,Very Wrong
1680,How many countries have satellites in orbit around the earth?,en-US,Around 15,Very Wrong,Around 80,Around 40,Wrong,Around 80,Correct
20_text,"There are roughly eight billion people in the world today. If we split the world into four regions, how many people live in each region?",en-US,"1 billion in the Americas, 1 billion in Europe, 2 billion in Africa, 4 billion in Asia",Wrong,"1 billion in the Americas, 1 billion in Europe, 1 billion in Africa, 5 billion in Asia","1 billion in the Americas, 1 billion in Europe, 1 billion in Africa, 5 billion in Asia",Correct,"2 billion in the Americas, 1 billion in Europe, 1 billion in Africa, 4 billion in Asia",Very Wrong
1501_text,"Out of 195 countries in the world, how many are members of the United Nations?",en-US,93,Very Wrong,193,143,Wrong,193,Correct
1666_text,"People in high-income countries emit different amounts of CO2 depending on how rich they are. Going from the poorest 10% to the richest 10%, in 10% increments, which of the options accurately explains the change in emissions?",en-US,The amount of emissions gradually decreases from the poorest 10% to the richest 10%,Very Wrong,"The amount evenly increases from the poorest to the richest, until the richest 10% where it increases rapidly",The amount evenly increases from the poorest 10% to the richest 10%,Wrong,"The amount evenly increases from the poorest to the richest, until the richest 10% where it increases rapidly",Correct
1591_text,"Which answer best describes how the average temperature in the atmosphere has changed over the last 40 years, below and above 12km?",en-US,"The temperature in the atmosphere increased, both above and below 12km",Wrong,The temperature in the atmosphere decreased above 12km but increased below 12km,The temperature in the atmosphere decreased above 12km but increased below 12km,Correct,The temperature in the atmosphere increased above 12km but decreased below 12km,Very Wrong
1729_text,"If we split the world population into three income groups, less than $2/day between $2/day and $24/day, and more than $24/day. Which option, A, B or C, best shows the groups' sizes in 2022?",en-US,"50% less than $2/day, 20% between $2/day and $24/day, and 30% more than $24/day",Very Wrong,"10% less than $2/day, 70% between $2/day and $24/day, and 20% more than $24/day","30% less than $2/day, 40% between $2/day and $24/day, and 30% more than $24/day",Wrong,"10% less than $2/day, 70% between $2/day and $24/day, and 20% more than $24/day",Correct
1507_text,"In 1992, 56 journalists were reported killed. What has happened since then?",en-US,"Increased sharply, to 463 killings in 2022",Very Wrong,"Stayed roughly the same, with 67 killings in 2022",Increased to 257 killings in 2022,Wrong,"Stayed roughly the same, with 67 killings in 2022",Correct
